date,open,close,high,low,volume,turnover,increase,increase_rate,increase_amount,exchange_rate,code
2019-07-26,18.12,21.74,21.74,18.12,547,1181378.0,23.97,43.97,6.64,0.13,002957
2019-07-29,23.91,23.91,23.91,23.91,285,680287.0,0.0,9.98,2.17,0.07,002957
2019-07-30,26.3,26.3,26.3,26.3,138,362940.0,0.0,10.0,2.39,0.03,002957
2019-07-31,28.93,28.93,28.93,28.93,335,970543.0,0.0,10.0,2.63,0.08,002957
2019-08-01,31.82,31.82,31.82,31.82,979,3116259.0,0.0,9.99,2.89,0.24,002957
2019-08-02,35.0,35.0,35.0,35.0,3127,10942785.0,0.0,9.99,3.18,0.76,002957
2019-08-05,38.5,38.5,38.5,38.5,1492,5743776.0,0.0,10.0,3.5,0.36,002957
2019-08-06,42.35,42.35,42.35,42.35,51307,217287220.0,0.0,10.0,3.85,12.51,002957
2019-08-07,43.0,38.12,45.25,38.12,255147,1053046256.0,16.84,-9.99,-4.23,62.23,002957
2019-08-08,35.5,35.06,36.9,34.48,179631,636044144.0,6.35,-8.03,-3.06,43.81,002957
2019-08-09,35.15,33.7,35.37,33.38,126232,434569920.0,5.68,-3.88,-1.36,30.79,002957
2019-08-12,33.86,35.2,35.85,32.66,132957,457278752.0,9.47,4.45,1.5,32.43,002957
2019-08-13,34.0,34.71,36.29,33.68,136419,476801584.0,7.41,-1.39,-0.49,33.27,002957
2019-08-14,35.76,34.89,36.63,34.79,133634,477766544.0,5.3,0.52,0.18,32.59,002957
2019-08-15,33.18,35.47,35.63,32.56,123120,416354160.0,8.8,1.66,0.58,30.03,002957
2019-08-16,35.11,36.3,37.77,35.08,164814,599482752.0,7.58,2.34,0.83,40.2,002957
2019-08-19,39.93,39.93,39.93,38.3,134871,536318976.0,4.49,10.0,3.63,32.9,002957
2019-08-20,42.0,38.58,43.92,38.48,277569,1172237760.0,13.62,-3.38,-1.35,67.7,002957
2019-08-21,37.48,37.06,38.57,36.5,168230,628936000.0,5.37,-3.94,-1.52,41.03,002957
2019-08-22,37.0,36.54,37.49,36.12,99943,367192944.0,3.7,-1.4,-0.52,24.38,002957
2019-08-23,36.51,35.45,37.1,35.13,94048,340397376.0,5.39,-2.98,-1.09,22.94,002957
2019-08-26,34.08,35.79,36.2,34.05,74584,262291203.0,6.06,0.96,0.34,18.19,002957
2019-08-27,35.81,36.43,36.94,35.46,82482,298188000.0,4.14,1.79,0.64,20.12,002957
2019-08-28,36.09,37.8,37.99,35.92,127961,475925392.0,5.68,3.76,1.37,31.21,002957
2019-08-29,37.65,36.35,37.72,36.11,96320,355068000.0,4.26,-3.84,-1.45,23.49,002957
2019-08-30,36.5,34.79,37.1,34.46,81971,294177360.0,7.26,-4.29,-1.56,19.99,002957
2019-09-02,34.15,35.88,35.97,34.15,61181,216582855.0,5.23,3.13,1.09,14.92,002957
2019-09-03,35.97,37.85,39.21,35.53,143634,540110368.0,10.26,5.49,1.97,35.03,002957
2019-09-04,38.09,39.77,41.0,37.6,156551,613996320.0,8.98,5.07,1.92,38.18,002957
2019-09-05,39.67,41.48,41.52,38.62,140297,559229968.0,7.29,4.3,1.71,34.22,002957
2019-09-06,40.8,39.5,41.52,38.9,124104,500580720.0,6.32,-4.77,-1.98,30.27,002957
2019-09-09,39.9,43.45,43.45,39.5,119591,500120432.0,10.0,10.0,3.95,29.17,002957
2019-09-10,43.8,41.97,44.0,41.7,143679,609280624.0,5.29,-3.41,-1.48,35.04,002957
2019-09-11,41.97,42.53,43.0,40.21,131754,547778880.0,6.65,1.33,0.56,32.14,002957
2019-09-12,42.13,41.1,42.8,40.69,92433,384146864.0,4.96,-3.36,-1.43,22.54,002957
2019-09-16,40.9,43.72,44.88,40.9,128731,553956144.0,9.68,6.37,2.62,31.4,002957
2019-09-17,43.0,42.57,43.93,41.41,103557,440851808.0,5.76,-2.63,-1.15,25.26,002957
2019-09-18,42.99,41.9,45.59,41.88,158801,695378608.0,8.72,-1.57,-0.67,38.73,002957
2019-09-19,40.5,41.07,41.15,39.66,118356,478532320.0,3.56,-1.98,-0.83,28.87,002957
2019-09-20,41.32,40.39,42.09,40.04,96196,395461040.0,4.99,-1.66,-0.68,23.46,002957
2019-09-23,39.5,39.96,40.39,39.15,58816,233421641.0,3.07,-1.06,-0.43,14.35,002957
2019-09-24,40.24,40.88,40.93,39.21,69492,278610368.0,4.3,2.3,0.92,16.95,002957
2019-09-25,40.2,37.56,40.73,37.2,78713,307497440.0,8.64,-8.12,-3.32,19.2,002957
2019-09-26,37.32,35.03,37.88,34.8,71377,257365297.0,8.2,-6.74,-2.53,17.41,002957
2019-09-27,35.0,37.94,38.38,35.0,82775,305063216.0,9.65,8.31,2.91,20.19,002957
2019-09-30,37.94,37.83,38.95,37.09,45899,173999910.0,4.9,-0.29,-0.11,11.19,002957
2019-10-08,38.94,36.77,38.94,36.74,36647,138078517.0,5.82,-2.8,-1.06,8.94,002957
2019-10-09,36.79,38.65,38.8,35.32,53926,203281588.0,9.46,5.11,1.88,13.15,002957
2019-10-10,38.59,38.95,39.35,38.06,54571,211060607.0,3.34,0.78,0.3,13.31,002957
2019-10-11,39.1,38.01,39.1,37.73,49231,189026988.0,3.52,-2.41,-0.94,12.01,002957
2019-10-14,38.8,39.08,40.43,38.4,73460,288993648.0,5.34,2.82,1.07,17.92,002957
2019-10-15,38.5,38.29,39.19,37.6,54373,208430182.0,4.07,-2.02,-0.79,13.26,002957
2019-10-16,38.39,37.01,38.5,36.66,54130,202394743.0,4.81,-3.34,-1.28,13.2,002957
2019-10-17,37.06,36.28,37.42,36.1,33710,123829166.0,3.57,-1.97,-0.73,8.22,002957
2019-10-18,36.39,36.2,37.07,35.88,31834,116088306.0,3.28,-0.22,-0.08,7.76,002957
2019-10-21,36.18,34.26,36.18,33.08,45515,155808244.0,8.56,-5.36,-1.94,11.1,002957
2019-10-22,34.11,34.95,34.97,34.11,24707,85416832.0,2.51,2.01,0.69,6.03,002957
2019-10-23,34.32,34.94,35.7,33.7,46565,161412622.0,5.72,-0.03,-0.01,11.36,002957
2019-10-24,34.49,34.15,34.98,34.03,26369,90977757.0,2.72,-2.26,-0.79,6.43,002957
2019-10-25,33.85,34.19,34.5,33.56,26765,91156853.0,2.75,0.12,0.04,6.53,002957
2019-10-28,34.15,34.99,35.23,33.96,35810,124295280.0,3.71,2.34,0.8,8.73,002957
2019-10-29,34.7,33.15,34.99,33.15,45633,154857216.0,5.26,-5.26,-1.84,11.13,002957
2019-10-30,32.95,31.86,32.95,31.4,36430,116774046.0,4.68,-3.89,-1.29,8.89,002957
2019-10-31,31.86,30.16,32.28,30.12,45364,140429046.0,6.78,-5.34,-1.7,11.06,002957
2019-11-01,29.96,30.37,30.69,29.96,25079,76298178.0,2.42,0.7,0.21,6.12,002957
2019-11-04,30.3,30.23,30.87,30.2,20814,63436782.0,2.21,-0.46,-0.14,5.08,002957
2019-11-05,30.26,30.4,30.59,30.2,19067,57969671.0,1.29,0.56,0.17,4.65,002957
2019-11-06,30.46,29.18,30.56,29.0,35697,105661256.0,5.13,-4.01,-1.22,8.71,002957
2019-11-07,29.22,29.4,29.58,29.05,20920,61387961.0,1.82,0.75,0.22,5.1,002957
2019-11-08,29.89,29.72,30.39,29.71,28196,84650854.0,2.31,1.09,0.32,6.88,002957
2019-11-11,29.3,28.25,29.7,28.13,28153,80331444.0,5.28,-4.95,-1.47,6.87,002957
2019-11-12,28.73,29.17,29.2,28.33,29169,83956266.0,3.08,3.26,0.92,7.11,002957
2019-11-13,29.0,29.08,29.28,28.6,27267,78954124.0,2.33,-0.31,-0.09,6.65,002957
2019-11-14,29.47,31.99,31.99,29.3,57361,177084160.0,9.25,10.01,2.91,13.99,002957
2019-11-15,33.0,30.77,33.46,30.6,86082,276137792.0,8.94,-3.81,-1.22,21.0,002957
2019-11-18,30.68,31.46,32.25,30.01,52657,163794716.0,7.28,2.24,0.69,12.84,002957
2019-11-19,31.15,32.1,32.45,31.13,58143,184967677.0,4.2,2.03,0.64,14.18,002957
2019-11-20,32.7,32.25,34.12,32.13,87130,287665440.0,6.2,0.47,0.15,21.25,002957
2019-11-21,31.33,31.7,31.84,30.81,44106,138682746.0,3.19,-1.71,-0.55,10.76,002957
2019-11-22,31.66,30.23,31.81,29.86,47003,144497295.0,6.15,-4.64,-1.47,11.46,002957
2019-11-25,30.3,29.0,30.6,28.62,34988,102409146.0,6.55,-4.07,-1.23,8.53,002957
2019-11-26,29.05,29.08,29.46,28.89,19508,56798104.0,1.97,0.28,0.08,4.76,002957
2019-11-27,29.1,30.29,31.05,29.1,42298,127101371.0,6.71,4.16,1.21,10.32,002957
2019-11-28,30.37,30.5,30.93,29.8,33992,103354942.0,3.73,0.69,0.21,8.29,002957
2019-11-29,30.5,30.18,30.87,29.81,27451,82786174.0,3.48,-1.05,-0.32,6.7,002957
2019-12-02,30.02,31.18,31.18,30.0,40482,124925901.0,3.91,3.31,1.0,9.87,002957
2019-12-03,31.0,31.82,31.96,30.77,50010,157167326.0,3.82,2.05,0.64,12.2,002957
2019-12-04,31.22,31.38,31.65,31.12,28855,90475373.0,1.67,-1.38,-0.44,7.04,002957
2019-12-05,31.64,31.75,32.25,31.36,48503,154821905.0,2.84,1.18,0.37,11.83,002957
2019-12-06,31.61,32.45,32.58,31.13,58206,185610480.0,4.57,2.2,0.7,14.2,002957
2019-12-09,32.4,32.71,32.99,32.08,56490,183660233.0,2.8,0.8,0.26,13.78,002957
2019-12-10,32.5,32.91,32.98,31.43,64583,207468078.0,4.74,0.61,0.2,15.75,002957
2019-12-11,33.27,31.71,33.95,31.6,64760,213170041.0,7.14,-3.65,-1.2,15.8,002957
2019-12-12,31.2,30.89,31.66,30.68,48262,149961269.0,3.09,-2.59,-0.82,11.77,002957
2019-12-13,31.42,31.84,32.47,31.13,55910,177738146.0,4.34,3.08,0.95,13.64,002957
2019-12-16,32.25,32.62,32.78,31.95,46905,152386563.0,2.61,2.45,0.78,11.44,002957
2019-12-17,32.7,32.91,33.44,32.26,58009,190176391.0,3.62,0.89,0.29,14.15,002957
2019-12-18,33.2,34.08,34.99,33.0,91782,311285040.0,6.05,3.56,1.17,22.39,002957
2019-12-19,33.8,34.3,34.54,33.37,69901,237704378.0,3.43,0.65,0.22,17.05,002957
2019-12-20,34.28,33.69,34.45,33.68,43838,149226449.0,2.24,-1.78,-0.61,10.69,002957
2019-12-23,33.69,32.71,33.98,32.62,34036,113167638.0,4.04,-2.91,-0.98,8.3,002957
2019-12-24,33.13,34.03,34.03,32.88,36654,123298244.0,3.52,4.04,1.32,8.94,002957
2019-12-25,34.0,33.78,34.4,33.61,40813,138556878.0,2.32,-0.73,-0.25,9.95,002957
2019-12-26,34.13,33.88,34.19,33.36,40262,136027500.0,2.46,0.3,0.1,9.82,002957
2019-12-27,33.93,34.47,34.65,33.75,58384,199818881.0,2.66,1.74,0.59,14.24,002957
2019-12-30,34.38,33.1,34.38,32.13,39830,132659438.0,6.53,-3.97,-1.37,9.71,002957
2019-12-31,33.0,32.77,33.42,32.23,30588,100158674.0,3.6,-1.0,-0.33,7.46,002957
2020-01-02,32.97,33.89,34.06,32.9,37978,127257030.0,3.54,3.42,1.12,9.26,002957
2020-01-03,34.05,33.93,34.39,33.45,40559,137610992.0,2.77,0.12,0.04,9.89,002957
2020-01-06,33.61,34.88,35.3,33.25,53707,185653155.0,6.04,2.8,0.95,13.1,002957
2020-01-07,34.7,34.6,34.97,34.2,33389,115210910.0,2.21,-0.8,-0.28,8.14,002957
2020-01-08,34.1,33.42,34.6,33.2,37738,128029960.0,4.05,-3.41,-1.18,9.2,002957
2020-01-09,33.76,33.9,34.11,33.52,25149,85185169.0,1.77,1.44,0.48,6.13,002957
2020-01-10,34.28,33.68,34.28,33.62,20077,67984195.0,1.95,-0.65,-0.22,4.9,002957
2020-01-13,33.68,33.79,33.83,32.95,25951,86736290.0,2.61,0.33,0.11,6.33,002957
2020-01-14,33.87,34.45,34.48,33.87,38948,133220832.0,1.81,1.95,0.66,9.5,002957
2020-01-15,34.43,33.66,34.43,33.32,28562,96220023.0,3.22,-2.29,-0.79,6.97,002957
2020-01-16,33.84,33.71,34.09,33.51,20964,70871543.0,1.72,0.15,0.05,5.11,002957
2020-01-17,33.68,32.25,33.68,32.21,43157,140960050.0,4.36,-4.33,-1.46,10.53,002957
2020-01-20,32.2,32.5,32.58,32.03,17031,55192049.0,1.71,0.78,0.25,4.15,002957
2020-01-21,32.6,30.93,32.6,30.88,30187,95431775.0,5.29,-4.83,-1.57,7.36,002957
2020-01-22,30.93,31.25,31.54,30.78,17375,54162332.0,2.46,1.03,0.32,4.24,002957
2020-01-23,31.01,29.68,31.48,29.31,25922,78310609.0,6.94,-5.02,-1.57,6.32,002957
2020-02-03,26.71,26.71,26.71,26.71,2774,7409354.0,0.0,-10.01,-2.97,0.68,002957
2020-02-04,24.04,25.45,25.85,24.04,31105,78670108.0,6.78,-4.72,-1.26,7.59,002957
2020-02-05,25.52,26.55,26.86,25.52,26837,70978488.0,5.27,4.32,1.1,6.55,002957
2020-02-06,26.53,27.4,27.54,26.22,27758,74763614.0,4.97,3.2,0.85,6.77,002957
2020-02-07,27.56,27.58,27.67,27.05,22138,60592567.0,2.26,0.66,0.18,5.4,002957
2020-02-10,27.32,29.03,29.7,27.31,32548,93061661.0,8.67,5.26,1.45,7.94,002957
2020-02-11,29.19,31.93,31.93,28.96,71806,221491350.0,10.23,9.99,2.9,17.51,002957
2020-02-12,30.87,32.69,34.47,30.72,84571,272821440.0,11.74,2.38,0.76,20.63,002957
2020-02-13,32.1,31.25,32.34,31.1,44723,141632699.0,3.79,-4.41,-1.44,10.91,002957
2020-02-14,30.89,30.32,31.14,30.11,36499,111304078.0,3.3,-2.98,-0.93,8.9,002957
2020-02-17,30.7,30.97,31.15,30.25,32130,98837332.0,2.97,2.14,0.65,7.84,002957
2020-02-18,31.3,31.22,31.35,30.58,35323,109627189.0,2.49,0.81,0.25,8.62,002957
2020-02-19,31.38,31.9,32.5,31.0,54644,174493114.0,4.8,2.18,0.68,13.33,002957
2020-02-20,31.99,31.92,32.18,31.12,39713,125735917.0,3.32,0.06,0.02,9.69,002957
2020-02-21,31.53,32.7,34.0,31.53,73697,239310661.0,7.74,2.44,0.78,17.97,002957
2020-02-24,32.4,33.32,33.75,32.03,67125,221745312.0,5.26,1.9,0.62,16.37,002957
2020-02-25,32.03,32.68,33.2,31.51,50502,163753100.0,5.07,-1.92,-0.64,12.32,002957
2020-02-26,31.76,30.77,32.23,30.6,43634,137395022.0,4.99,-5.84,-1.91,10.64,002957
2020-02-27,30.8,30.74,31.3,30.38,21836,67280845.0,2.99,-0.1,-0.03,5.33,002957
2020-02-28,29.54,27.79,29.97,27.67,40307,115214454.0,7.48,-9.6,-2.95,9.83,002957
2020-03-02,28.0,28.74,28.98,27.92,22519,64145963.0,3.81,3.42,0.95,5.49,002957
2020-03-03,29.15,28.99,29.91,28.58,26300,76992938.0,4.63,0.87,0.25,6.41,002957
2020-03-04,28.73,29.16,29.3,28.41,18576,53629214.0,3.07,0.59,0.17,4.53,002957
2020-03-05,29.6,29.8,30.18,29.15,29369,86994134.0,3.53,2.19,0.64,7.16,002957
2020-03-06,29.5,29.34,29.68,29.1,19632,57586845.0,1.95,-1.54,-0.46,4.79,002957
2020-03-09,29.0,28.97,30.16,28.8,27891,82393238.0,4.64,-1.26,-0.37,6.8,002957
2020-03-10,28.41,29.43,29.57,27.39,30541,87148891.0,7.53,1.59,0.46,7.45,002957
2020-03-11,29.43,29.7,30.5,29.15,35694,106751743.0,4.59,0.92,0.27,8.71,002957
2020-03-12,29.15,32.13,32.55,28.12,101032,317431552.0,14.92,8.18,2.43,24.64,002957
2020-03-13,30.0,30.55,31.22,29.31,69977,212388222.0,5.94,-4.92,-1.58,17.07,002957
2020-03-16,30.59,28.89,31.97,28.33,59585,182805102.0,11.91,-5.43,-1.66,14.53,002957
2020-03-17,28.89,27.23,29.59,26.1,50261,137613722.0,12.08,-5.75,-1.66,12.26,002957
2020-03-18,27.7,26.13,27.7,26.1,37149,100351594.0,5.88,-4.04,-1.1,9.06,002957
2020-03-19,26.02,26.05,26.5,25.23,25761,66434466.0,4.86,-0.31,-0.08,6.28,002957
2020-03-20,26.13,26.5,26.79,26.02,19489,51489185.0,2.96,1.73,0.45,4.75,002957
2020-03-23,25.52,25.79,26.58,25.26,15358,39823347.0,4.98,-2.68,-0.71,3.75,002957
2020-03-24,26.21,26.38,26.45,25.43,16367,42698899.0,3.96,2.29,0.59,3.99,002957
2020-03-25,27.05,26.68,27.22,26.47,17863,47899439.0,2.84,1.14,0.3,4.36,002957
2020-03-26,26.5,27.6,27.83,26.15,31749,85450506.0,6.3,3.45,0.92,7.74,002957
2020-03-27,27.97,27.24,28.6,27.22,33209,92819249.0,5.0,-1.3,-0.36,8.1,002957
2020-03-30,26.4,26.2,27.09,25.88,21931,57840872.0,4.44,-3.82,-1.04,5.35,002957
2020-03-31,26.31,25.65,26.5,25.58,18986,49363364.0,3.51,-2.1,-0.55,4.63,002957
2020-04-01,25.88,25.9,26.15,25.58,12324,31871909.0,2.22,0.97,0.25,3.01,002957
2020-04-02,25.5,26.25,26.32,25.5,13500,34975396.0,3.17,1.35,0.35,3.29,002957
2020-04-03,26.24,25.81,26.35,25.77,11729,30473362.0,2.21,-1.68,-0.44,2.86,002957
2020-04-07,26.27,26.6,26.77,26.1,16119,42672821.0,2.6,3.06,0.79,3.93,002957
2020-04-08,26.64,26.75,26.95,26.32,17033,45429729.0,2.37,0.56,0.15,4.15,002957
2020-04-09,26.96,26.74,26.98,26.62,12764,34168224.0,1.35,-0.04,-0.01,3.11,002957
2020-04-10,26.87,25.89,26.88,25.81,12973,34025979.0,4.0,-3.18,-0.85,3.16,002957
2020-04-13,25.8,25.6,25.89,25.26,8132,20741375.0,2.43,-1.12,-0.29,1.98,002957
2020-04-14,25.73,26.12,26.15,25.63,9293,24153496.0,2.03,2.03,0.52,2.27,002957
2020-04-15,25.9,25.48,25.9,25.42,15405,39434436.0,1.84,-2.45,-0.64,3.76,002957
2020-04-16,25.3,25.25,25.53,25.06,11569,29158858.0,1.84,-0.9,-0.23,2.82,002957
2020-04-17,25.38,25.18,25.84,25.17,12736,32466234.0,2.65,-0.28,-0.07,3.11,002957
2020-04-20,25.3,25.4,25.56,25.23,9247,23463579.0,1.31,0.87,0.22,2.26,002957
2020-04-21,25.4,25.09,25.4,24.86,10412,26025321.0,2.13,-1.22,-0.31,2.54,002957
2020-04-22,24.86,25.15,25.17,24.63,7135,17814276.0,2.15,0.24,0.06,1.74,002957
2020-04-23,25.08,24.78,25.32,24.78,10937,27336782.0,2.15,-1.47,-0.37,2.67,002957
2020-04-24,24.85,24.21,24.95,24.08,11362,27787415.0,3.51,-2.3,-0.57,2.77,002957
2020-04-27,24.08,23.6,24.27,23.58,13341,31753725.0,2.85,-2.52,-0.61,3.25,002957
2020-04-28,23.45,22.44,23.63,21.25,19019,42507186.0,10.08,-4.92,-1.16,4.64,002957
2020-04-29,22.44,22.49,22.72,22.22,8041,18087216.0,2.23,0.22,0.05,1.96,002957
2020-04-30,22.7,23.36,23.48,22.55,12570,29075028.0,4.14,3.87,0.87,3.07,002957
2020-05-06,23.3,23.91,23.94,23.04,11108,26285290.0,3.85,2.35,0.55,2.71,002957
2020-05-07,24.2,23.75,24.48,23.6,15643,37492973.0,3.68,-0.67,-0.16,3.82,002957
2020-05-08,24.35,24.35,24.5,23.95,17486,42442826.0,2.32,2.53,0.6,4.26,002957
2020-05-11,24.37,24.5,25.09,24.11,18114,44648509.0,4.02,0.62,0.15,4.42,002957
2020-05-12,24.86,24.43,24.88,23.85,14209,34485630.0,4.2,-0.29,-0.07,3.47,002957
2020-05-13,24.34,24.77,24.83,24.28,16067,39661177.0,2.25,1.39,0.34,3.92,002957
2020-05-14,24.51,24.78,25.1,24.2,17099,42313422.0,3.63,0.04,0.01,4.17,002957
2020-05-15,25.06,24.6,25.52,24.47,18230,45443026.0,4.24,-0.73,-0.18,4.45,002957
2020-05-18,24.58,24.21,25.08,24.2,16765,41192107.0,3.58,-1.59,-0.39,4.09,002957
2020-05-19,24.28,24.52,24.65,24.19,11095,27156352.0,1.9,1.28,0.31,2.71,002957
2020-05-20,24.36,24.55,24.89,24.13,15225,37329024.0,3.1,0.12,0.03,3.71,002957
2020-05-21,24.48,23.37,24.69,23.18,20900,49785454.0,6.15,-4.81,-1.18,5.1,002957
2020-05-22,23.44,22.65,23.53,22.59,14230,32631254.0,4.02,-3.08,-0.72,3.47,002957
2020-05-25,22.67,22.25,22.8,22.11,9549,21348024.0,3.05,-1.77,-0.4,2.33,002957
2020-05-26,22.32,23.74,23.75,22.32,21986,51196529.0,6.43,6.7,1.49,5.36,002957
2020-05-27,23.74,24.07,24.44,23.69,21381,51428563.0,3.16,1.39,0.33,5.21,002957
2020-05-28,23.96,23.86,24.45,23.29,17508,41657515.0,4.82,-0.87,-0.21,4.27,002957
2020-05-29,23.85,23.45,23.9,23.3,9665,22749272.0,2.51,-1.72,-0.41,2.36,002957
2020-06-01,23.73,24.5,24.5,23.55,20061,48501294.0,4.05,4.48,1.05,4.89,002957
2020-06-02,24.52,24.77,24.97,24.41,20312,50267666.0,2.29,1.1,0.27,4.95,002957
2020-06-03,24.89,25.08,25.9,24.71,29626,74898594.0,4.8,1.25,0.31,7.23,002957
2020-06-04,25.11,24.55,25.37,24.54,18791,46472725.0,3.31,-2.11,-0.53,4.58,002957
2020-06-05,24.5,24.34,24.7,24.19,10610,25868801.0,2.08,-0.86,-0.21,2.59,002957
2020-06-08,24.7,24.49,24.9,24.29,11090,27238481.0,2.51,0.62,0.15,2.7,002957
2020-06-09,24.51,24.5,25.18,24.3,16601,40956204.0,3.59,0.04,0.01,4.05,002957
2020-06-10,24.65,24.77,24.89,24.48,12622,31138034.0,1.67,1.1,0.27,3.08,002957
2020-06-11,24.6,24.34,24.9,24.21,13955,34310655.0,2.79,-1.74,-0.43,3.4,002957
2020-06-12,23.82,24.4,24.6,23.31,15691,37856936.0,5.3,0.25,0.06,3.83,002957
2020-06-15,24.33,24.24,24.88,24.22,12402,30472580.0,2.7,-0.66,-0.16,3.02,002957
2020-06-16,24.55,24.86,24.88,24.3,16846,41532046.0,2.39,2.56,0.62,4.11,002957
2020-06-17,25.0,24.81,25.0,24.37,15791,38915861.0,2.53,-0.2,-0.05,3.85,002957
2020-06-18,24.79,24.65,24.88,24.6,11032,27297424.0,1.13,-0.64,-0.16,2.69,002957
2020-06-19,24.81,25.15,25.55,24.65,29252,73662751.0,3.65,2.03,0.5,7.13,002957
2020-06-22,25.17,25.49,25.6,24.93,27511,69524748.0,2.66,1.35,0.34,6.71,002957
2020-06-23,25.6,24.84,25.65,24.8,18991,47458632.0,3.33,-2.55,-0.65,4.63,002957
2020-06-24,24.95,24.84,25.0,24.46,16163,39909380.0,2.17,0.0,0.0,3.94,002957
2020-06-29,24.68,23.85,24.68,23.81,17939,43202979.0,3.5,-3.99,-0.99,4.38,002957
2020-06-30,23.95,23.9,24.19,23.86,11462,27532011.0,1.38,0.21,0.05,2.8,002957
2020-07-01,24.0,23.99,24.24,23.56,14426,34485322.0,2.85,0.38,0.09,3.52,002957
2020-07-02,23.97,24.54,24.58,23.86,18545,45216093.0,3.0,2.29,0.55,4.52,002957
2020-07-03,24.7,24.68,24.98,24.42,16532,40767798.0,2.28,0.57,0.14,4.03,002957
2020-07-06,24.79,26.18,26.9,24.79,43512,112266784.0,8.55,6.08,1.5,10.61,002957
2020-07-07,26.53,28.8,28.8,25.72,66323,183686366.0,11.76,10.01,2.62,16.18,002957
2020-07-08,30.0,29.35,30.7,28.74,111751,332033664.0,6.81,1.91,0.55,27.26,002957
2020-07-09,28.25,29.25,29.74,28.03,69548,200773893.0,5.83,-0.34,-0.1,16.96,002957
2020-07-10,29.0,28.5,29.08,28.35,40215,115407627.0,2.5,-2.56,-0.75,9.81,002957
2020-07-13,28.23,29.16,29.16,28.07,38551,109950885.0,3.82,2.32,0.66,9.4,002957
2020-07-14,29.05,30.32,30.32,29.05,69938,206519913.0,4.36,3.98,1.16,17.06,002957
2020-07-15,30.3,28.57,30.52,28.51,42058,122233976.0,6.63,-5.77,-1.75,10.26,002957
2020-07-16,28.57,26.66,28.75,26.3,33388,91468413.0,8.58,-6.69,-1.91,8.14,002957
2020-07-17,26.71,26.1,26.92,25.91,19908,52095058.0,3.79,-2.1,-0.56,4.86,002957
2020-07-20,26.12,27.39,27.65,26.12,21014,55959747.0,5.86,4.94,1.29,5.13,002957
2020-07-21,27.23,26.89,27.3,26.62,16642,44430248.0,2.48,-1.83,-0.5,4.06,002957
2020-07-22,26.81,27.07,27.37,26.81,17704,47709046.0,2.08,0.67,0.18,4.32,002957
2020-07-23,26.94,26.61,27.09,26.0,17442,45781177.0,4.03,-1.7,-0.46,4.25,002957
2020-07-24,26.94,25.41,27.34,25.22,19822,51183702.0,7.97,-4.51,-1.2,4.83,002957
2020-07-27,25.1,24.48,26.0,24.21,17747,43474999.0,7.04,-3.66,-0.93,1.15,002957
2020-07-28,24.72,24.75,24.89,24.44,10183,24909215.0,1.84,1.1,0.27,0.66,002957
2020-07-29,24.75,25.39,25.4,24.41,11278,27976500.0,4.0,2.59,0.64,0.73,002957
2020-07-30,25.38,25.23,25.68,25.2,10037,25310038.0,1.89,-0.63,-0.16,0.65,002957
2020-07-31,25.08,25.52,25.79,25.03,13386,33861966.0,3.01,1.15,0.29,0.87,002957
2020-08-03,25.58,26.3,26.3,25.58,16355,42393771.0,2.82,3.06,0.78,1.06,002957
2020-08-04,26.2,25.83,26.34,25.7,15507,39860855.0,2.43,-1.79,-0.47,1.01,002957
2020-08-05,25.72,26.01,26.15,25.3,15900,40733908.0,3.29,0.7,0.18,1.03,002957
2020-08-06,26.01,25.69,26.1,25.4,11746,29911397.0,2.69,-1.23,-0.32,0.76,002957
2020-08-07,25.72,25.38,26.03,25.08,13747,34815706.0,3.7,-1.21,-0.31,0.89,002957
2020-08-10,25.58,25.55,25.79,25.1,9917,25176826.0,2.72,0.67,0.17,0.64,002957
2020-08-11,25.65,24.83,25.71,24.7,16183,40457683.0,3.95,-2.82,-0.72,1.05,002957
2020-08-12,25.0,24.28,25.0,24.0,15486,37245005.0,4.03,-2.22,-0.55,1.01,002957
2020-08-13,24.55,24.6,25.5,24.54,13371,33081181.0,3.95,1.32,0.32,0.87,002957
2020-08-14,24.52,24.58,24.69,24.08,11640,28104499.0,2.48,-0.08,-0.02,0.76,002957
2020-08-17,24.83,25.12,25.24,24.48,12412,30695282.0,3.09,2.2,0.54,0.81,002957
2020-08-18,25.22,25.51,25.65,25.0,15592,39287067.0,2.59,1.55,0.39,1.01,002957
2020-08-19,25.4,25.05,25.63,24.88,9940,24782410.0,2.94,-1.8,-0.46,0.65,002957
2020-08-20,24.74,25.29,25.35,24.42,9036,22403337.0,3.71,0.96,0.24,0.59,002957
2020-08-21,25.32,25.58,25.61,25.05,14899,37489177.0,2.21,1.15,0.29,0.97,002957
2020-08-24,25.64,28.12,28.12,25.21,46412,125659853.0,11.38,9.93,2.54,3.02,002957
2020-08-25,28.78,27.48,29.95,27.08,72994,204880127.0,10.21,-2.28,-0.64,4.74,002957
2020-08-26,27.3,26.84,28.0,26.18,46247,123766990.0,6.62,-2.33,-0.64,3.01,002957
2020-08-27,26.84,26.65,27.3,26.41,28660,76103978.0,3.32,-0.71,-0.19,1.86,002957
2020-08-28,26.79,26.46,26.79,25.88,27204,70836581.0,3.41,-0.71,-0.19,1.77,002957
2020-08-31,26.44,27.05,27.37,26.36,34471,92252809.0,3.82,2.23,0.59,2.24,002957
2020-09-01,27.05,26.97,27.17,26.54,19889,52851301.0,2.33,-0.3,-0.08,1.29,002957
2020-09-02,26.92,26.89,27.28,26.76,23533,62974129.0,1.93,-0.3,-0.08,1.53,002957
2020-09-03,26.82,26.12,26.92,26.09,21234,55448863.0,3.09,-2.86,-0.77,1.38,002957
2020-09-04,25.48,26.0,26.19,25.25,12454,31910275.0,3.6,-0.46,-0.12,0.81,002957
2020-09-07,25.97,25.5,26.26,25.26,14833,38024248.0,3.85,-1.92,-0.5,0.96,002957
2020-09-08,25.69,25.86,26.15,25.31,13224,33809614.0,3.29,1.41,0.36,0.86,002957
2020-09-09,25.58,25.03,25.78,24.87,17352,43549808.0,3.52,-3.21,-0.83,1.13,002957
2020-09-10,25.09,23.94,25.54,23.91,17788,43233349.0,6.51,-4.35,-1.09,1.16,002957
2020-09-11,23.61,24.1,24.1,23.6,8519,20192923.0,2.09,0.67,0.16,0.55,002957
2020-09-14,24.11,24.32,24.55,24.11,9664,23353513.0,1.83,0.91,0.22,0.63,002957
2020-09-15,24.32,24.67,24.76,24.05,10410,25212735.0,2.92,1.44,0.35,0.68,002957
2020-09-16,24.63,24.02,24.63,23.95,10128,24293765.0,2.76,-2.63,-0.65,0.66,002957
2020-09-17,24.02,24.23,24.54,23.94,9828,23554572.0,2.5,0.87,0.21,0.64,002957
2020-09-18,24.23,24.51,24.53,24.05,10273,24795695.0,1.98,1.16,0.28,0.67,002957
2020-09-21,24.67,24.44,24.68,24.4,7909,19246649.0,1.14,-0.29,-0.07,0.51,002957
2020-09-22,24.1,23.9,24.31,23.8,9213,21952636.0,2.09,-2.21,-0.54,0.6,002957
2020-09-23,23.8,24.1,24.24,23.8,8539,20388809.0,1.84,0.84,0.2,0.55,002957
2020-09-24,23.84,23.5,24.14,23.5,9662,22750725.0,2.66,-2.49,-0.6,0.63,002957
2020-09-25,23.75,23.73,24.4,23.6,9841,23333953.0,3.4,0.98,0.23,0.64,002957
2020-09-28,23.92,23.94,24.4,23.71,11503,27387826.0,2.91,0.88,0.21,0.75,002957
2020-09-29,24.0,23.99,24.13,23.56,7821,18560542.0,2.38,0.21,0.05,0.51,002957
2020-09-30,23.98,23.92,24.2,23.61,6988,16582918.0,2.46,-0.29,-0.07,0.45,002957
2020-10-09,24.4,24.47,24.57,24.11,11235,27225554.0,1.92,2.3,0.55,0.73,002957
2020-10-12,24.87,24.94,25.09,24.68,16307,40241331.0,1.68,1.92,0.47,1.06,002957
2020-10-13,24.83,25.04,25.17,24.57,16562,40837040.0,2.41,0.4,0.1,1.08,002957
2020-10-14,24.98,25.38,25.58,24.73,24141,60387571.0,3.39,1.36,0.34,1.57,002957
2020-10-15,25.38,24.86,25.48,24.84,14453,35977177.0,2.52,-2.05,-0.52,0.94,002957
2020-10-16,24.89,24.61,24.89,24.61,8232,20162557.0,1.13,-1.01,-0.25,0.53,002957
2020-10-19,24.8,25.47,25.78,24.66,26397,66403187.0,4.55,3.49,0.86,1.72,002957
2020-10-20,25.6,25.53,25.68,25.08,14806,37418281.0,2.36,0.24,0.06,0.96,002957
2020-10-21,25.51,24.97,25.53,24.7,14451,35933405.0,3.25,-2.19,-0.56,0.94,002957
2020-10-22,24.95,25.12,25.3,24.59,9848,24439720.0,2.84,0.6,0.15,0.64,002957
2020-10-23,25.19,25.12,25.55,25.02,14164,35517245.0,2.11,0.0,0.0,0.92,002957
2020-10-26,24.7,23.71,25.04,23.62,32204,77013350.0,5.65,-5.61,-1.41,2.09,002957
2020-10-27,23.4,23.19,23.74,23.03,22079,50913962.0,2.99,-2.19,-0.52,1.43,002957
2020-10-28,23.2,23.41,23.66,23.14,13628,31595880.0,2.24,0.95,0.22,0.89,002957
2020-10-29,22.83,23.06,23.4,22.82,13662,31313344.0,2.48,-1.5,-0.35,0.89,002957
2020-10-30,23.08,22.85,23.28,22.7,12720,29010993.0,2.52,-0.91,-0.21,0.83,002957
2020-11-02,22.85,22.38,22.93,22.11,15466,34346043.0,3.59,-2.06,-0.47,1.01,002957
2020-11-03,22.36,22.82,22.85,22.36,14515,32676033.0,2.19,1.97,0.44,0.94,002957
2020-11-04,22.9,22.97,23.2,22.74,14266,32556367.0,2.02,0.66,0.15,0.93,002957
2020-11-05,23.3,23.39,23.41,23.0,16721,38523877.0,1.78,1.83,0.42,1.09,002957
2020-11-06,23.38,23.11,23.62,22.96,13957,32063816.0,2.82,-1.2,-0.28,0.91,002957
2020-11-09,23.33,23.65,23.78,23.19,24479,57088214.0,2.55,2.34,0.54,1.59,002957
2020-11-10,23.64,23.18,23.7,23.05,17042,39378415.0,2.75,-1.99,-0.47,1.11,002957
2020-11-11,23.1,22.76,23.18,22.61,12844,29044678.0,2.46,-1.81,-0.42,0.83,002957
2020-11-12,22.7,22.92,22.96,22.66,8762,19829860.0,1.32,0.7,0.16,0.57,002957
2020-11-13,22.9,22.9,22.99,22.6,8886,20101064.0,1.7,-0.09,-0.02,0.58,002957
2020-11-16,22.87,23.35,23.37,22.87,13727,31557733.0,2.18,1.97,0.45,0.89,002957
2020-11-17,23.16,23.31,23.57,23.07,10843,24989881.0,2.14,-0.17,-0.04,0.7,002957
2020-11-18,23.35,23.12,23.58,23.02,12071,27846591.0,2.4,-0.82,-0.19,0.78,002957
2020-11-19,22.98,23.31,23.56,22.9,13868,31964487.0,2.85,0.82,0.19,0.9,002957
2020-11-20,23.47,23.7,23.94,23.21,23880,55937041.0,3.13,1.67,0.39,1.55,002957
2020-11-23,23.6,23.53,23.74,23.32,16900,39423224.0,1.77,-0.72,-0.17,1.1,002957
2020-11-24,23.46,23.35,23.65,23.21,13344,30935619.0,1.87,-0.76,-0.18,0.87,002957
2020-11-25,23.38,23.21,23.53,23.16,12667,29329265.0,1.58,-0.6,-0.14,0.82,002957
2020-11-26,23.21,23.11,23.43,23.03,12243,28156839.0,1.72,-0.43,-0.1,0.8,002957
2020-11-27,23.09,22.71,23.09,22.4,15407,34669695.0,2.99,-1.73,-0.4,1.0,002957
2020-11-30,22.71,22.85,23.07,22.61,11205,25444514.0,2.03,0.62,0.14,0.73,002957
2020-12-01,22.83,23.22,23.29,22.75,12426,28476987.0,2.36,1.62,0.37,0.81,002957
2020-12-02,23.24,23.33,23.4,23.12,11464,26458462.0,1.21,0.47,0.11,0.74,002957
2020-12-03,23.32,23.16,23.34,23.01,10310,23698210.0,1.41,-0.73,-0.17,0.67,002957
2020-12-04,23.16,23.3,23.35,23.05,9158,21101060.0,1.3,0.6,0.14,0.6,002957
2020-12-07,23.35,23.08,23.5,23.07,10938,25131199.0,1.85,-0.94,-0.22,0.71,002957
2020-12-08,22.99,22.89,23.19,22.86,12149,27688971.0,1.43,-0.82,-0.19,0.79,002957
2020-12-09,23.08,22.72,23.1,22.55,14114,31970028.0,2.4,-0.74,-0.17,0.92,002957
2020-12-10,22.6,22.69,22.86,22.28,9929,22236431.0,2.55,-0.13,-0.03,0.65,002957
2020-12-11,22.76,21.91,22.8,21.75,21251,46585841.0,4.63,-3.44,-0.78,1.38,002957
2020-12-14,21.96,22.04,22.13,21.62,9285,20216892.0,2.33,0.59,0.13,0.6,002957
2020-12-15,22.2,22.5,22.8,22.04,18499,41304750.0,3.45,2.09,0.46,1.2,002957
2020-12-16,22.46,22.38,22.59,22.23,10486,23274112.0,1.6,-0.53,-0.12,0.68,002957
2020-12-17,22.38,22.52,22.61,21.8,12044,26538883.0,3.62,0.63,0.14,0.78,002957
2020-12-18,22.44,22.24,22.59,21.96,11996,26400115.0,2.8,-1.24,-0.28,0.78,002957
2020-12-21,22.1,22.48,22.55,21.93,11553,25590759.0,2.79,1.08,0.24,0.75,002957
2020-12-22,22.6,22.55,23.15,22.22,24375,54786035.0,4.14,0.31,0.07,1.58,002957
2020-12-23,22.55,22.78,22.97,22.45,18059,40754197.0,2.31,1.02,0.23,1.17,002957
2020-12-24,22.65,22.06,22.65,21.81,18136,39749750.0,3.69,-3.16,-0.72,1.18,002957
2020-12-25,21.87,21.72,22.12,21.65,12561,27250882.0,2.13,-1.54,-0.34,0.82,002957
2020-12-28,21.61,20.29,21.71,20.07,23892,48489903.0,7.55,-6.58,-1.43,1.55,002957
2020-12-29,20.27,20.37,20.71,20.21,11132,22555111.0,2.46,0.39,0.08,0.72,002957
2020-12-30,20.2,20.43,20.56,20.18,7863,15892602.0,1.87,0.29,0.06,0.51,002957
2020-12-31,20.45,20.65,20.77,20.3,9494,19348064.0,2.3,1.08,0.22,0.62,002957
2021-01-04,20.58,21.25,21.3,20.52,16355,33906614.0,3.78,2.91,0.6,1.06,002957
2021-01-05,21.2,21.03,21.26,20.78,12231,25427765.0,2.26,-1.04,-0.22,0.79,002957
2021-01-06,20.82,20.42,21.03,20.38,13533,27574091.0,3.09,-2.9,-0.61,0.88,002957
2021-01-07,20.4,19.54,20.49,19.39,20311,39752563.0,5.39,-4.31,-0.88,1.32,002957
2021-01-08,19.49,20.04,20.13,18.88,18042,35224472.0,6.4,2.56,0.5,1.17,002957
2021-01-11,20.06,19.59,20.2,19.45,14225,27870485.0,3.74,-2.25,-0.45,0.92,002957
2021-01-12,19.86,19.46,19.95,19.33,13336,25880568.0,3.16,-0.66,-0.13,0.87,002957
2021-01-13,19.46,18.77,19.52,18.7,22646,42443856.0,4.21,-3.55,-0.69,1.47,002957
2021-01-14,18.81,19.01,19.58,18.81,21768,41377752.0,4.1,1.28,0.24,1.41,002957
2021-01-15,19.0,19.51,19.85,18.9,17954,34575837.0,5.0,2.63,0.5,1.17,002957
2021-01-18,19.58,19.57,20.01,19.48,15400,30000400.0,2.72,0.31,0.06,1.0,002957
2021-01-19,19.65,20.16,20.41,19.6,25563,50984437.0,4.14,3.01,0.59,1.66,002957
2021-01-20,20.4,19.98,20.4,19.78,15420,30511210.0,3.08,-0.89,-0.18,1.0,002957
2021-01-21,19.98,20.55,20.59,19.85,22634,45428357.0,3.7,2.85,0.57,1.47,002957
2021-01-22,20.34,20.42,20.92,20.15,18009,36431773.0,3.75,-0.63,-0.13,1.17,002957
2021-01-25,20.86,20.02,20.86,20.02,19817,40074437.0,4.11,-1.96,-0.4,1.29,002957
2021-01-26,20.02,20.2,20.48,19.79,16714,33346024.0,3.45,0.9,0.18,1.09,002957
2021-01-27,20.2,19.69,20.36,19.66,13926,27539164.0,3.47,-2.52,-0.51,0.9,002957
2021-01-28,19.64,19.34,19.78,19.26,10306,19891240.0,2.64,-1.78,-0.35,0.67,002957
2021-01-29,19.35,19.4,19.78,19.08,12056,23151246.0,3.62,0.31,0.06,0.78,002957
2021-02-01,19.45,19.11,19.47,19.0,15873,30087367.0,2.42,-1.49,-0.29,1.03,002957
2021-02-02,19.13,18.95,19.27,18.76,16861,31644434.0,2.67,-0.84,-0.16,1.1,002957
2021-02-03,18.83,18.55,18.9,18.14,18510,33849547.0,4.01,-2.11,-0.4,1.2,002957
2021-02-04,18.4,18.2,18.63,17.76,15988,28711051.0,4.69,-1.89,-0.35,1.04,002957
2021-02-05,18.2,18.15,18.48,18.11,8751,15782594.0,2.03,-0.27,-0.05,0.57,002957
2021-02-08,18.29,18.26,18.55,17.87,9892,17905789.0,3.75,0.61,0.11,0.64,002957
2021-02-09,18.27,18.5,18.64,18.16,12456,22650992.0,2.63,1.31,0.24,0.81,002957
2021-02-10,18.7,18.8,19.17,18.64,15413,28749666.0,2.86,1.62,0.3,1.0,002957
2021-02-18,18.9,19.11,19.24,18.9,12149,22953875.0,1.81,1.65,0.31,0.79,002957
2021-02-19,19.1,19.51,19.55,18.89,12077,23111994.0,3.45,2.09,0.4,0.78,002957
2021-02-22,19.5,19.5,20.18,19.39,18430,36031505.0,4.05,-0.05,-0.01,1.2,002957
2021-02-23,19.48,19.39,19.76,19.28,13044,25033474.0,2.46,-0.56,-0.11,0.85,002957
2021-02-24,19.52,19.28,19.65,19.05,15599,29944248.0,3.09,-0.57,-0.11,1.01,002957
2021-02-25,19.3,18.99,19.5,18.2,14881,28025079.0,6.74,-1.5,-0.29,0.97,002957
2021-02-26,18.94,19.39,19.42,18.79,21689,41201791.0,3.32,2.11,0.4,1.41,002957
2021-03-01,19.1,19.08,19.18,18.5,31805,59365300.0,3.51,-1.6,-0.31,2.07,002957
2021-03-02,19.18,18.94,19.53,18.81,22722,43038273.0,3.77,-0.73,-0.14,1.48,002957
2021-03-03,18.86,18.96,19.07,18.75,14028,26282074.0,1.69,0.11,0.02,0.91,002957
2021-03-04,18.81,18.93,19.18,18.81,12663,23819623.0,1.95,-0.16,-0.03,0.82,002957
2021-03-05,18.8,19.13,19.19,18.74,14389,27025752.0,2.38,1.06,0.2,0.94,002957
2021-03-08,19.22,19.4,19.65,19.13,21690,41584300.0,2.72,1.41,0.27,1.41,002957
2021-03-09,19.4,18.82,19.45,18.31,19450,36363044.0,5.88,-2.99,-0.58,1.26,002957
2021-03-10,19.01,18.4,19.01,18.35,14144,26041542.0,3.51,-2.23,-0.42,0.92,002957
2021-03-11,18.24,18.71,20.22,18.22,25705,48313760.0,10.87,1.68,0.31,1.67,002957
2021-03-12,18.8,18.49,18.88,18.49,10918,20081364.0,2.08,-1.18,-0.22,0.71,002957
2021-03-15,18.44,18.56,18.67,18.22,10081,18428816.0,2.43,0.38,0.07,0.66,002957
2021-03-16,18.54,18.8,18.85,18.49,9438,17456267.0,1.94,1.29,0.24,0.61,002957
2021-03-17,18.65,19.06,19.08,18.65,11405,21299824.0,2.29,1.38,0.26,0.74,002957
2021-03-18,19.2,19.16,19.29,18.92,12533,23750178.0,1.94,0.52,0.1,0.81,002957
2021-03-19,19.03,19.4,19.6,18.95,16521,31727029.0,3.39,1.25,0.24,1.07,002957
2021-03-22,19.42,19.48,19.58,19.29,10969,21097673.0,1.49,0.41,0.08,0.71,002957
2021-03-23,19.31,19.21,19.41,19.1,10405,19817052.0,1.59,-1.39,-0.27,0.68,002957
2021-03-24,19.35,19.3,19.6,19.13,11088,21275761.0,2.45,0.47,0.09,0.72,002957
2021-03-25,19.21,19.18,19.43,19.11,9492,18072981.0,1.66,-0.62,-0.12,0.62,002957
2021-03-26,19.18,19.39,19.4,19.03,10277,19563197.0,1.93,1.09,0.21,0.67,002957
2021-03-29,19.48,19.39,19.48,19.2,9741,18619894.0,1.44,0.0,0.0,0.63,002957
2021-03-30,19.45,19.01,19.45,18.96,11044,20876975.0,2.53,-1.96,-0.38,0.72,002957
2021-03-31,19.08,19.25,19.32,18.92,7984,15126668.0,2.1,1.26,0.24,0.52,002957
2021-04-01,19.18,19.5,19.57,19.1,12724,24414072.0,2.44,1.3,0.25,0.83,002957
2021-04-02,19.55,19.37,19.59,19.2,14640,28137877.0,2.0,-0.67,-0.13,0.95,002957
2021-04-06,19.45,19.52,19.56,19.32,15871,30524383.0,1.24,0.77,0.15,1.03,002957
2021-04-07,19.41,19.63,19.67,19.23,16898,32575950.0,2.25,0.56,0.11,1.1,002957
2021-04-08,19.64,19.35,19.64,19.33,12252,23566863.0,1.58,-1.43,-0.28,0.8,002957
2021-04-09,19.27,19.7,19.84,19.27,18774,36443131.0,2.95,1.81,0.35,1.22,002957
2021-04-12,19.74,20.28,20.9,19.6,40091,80169773.0,6.6,2.94,0.58,2.61,002957
2021-04-13,20.2,19.57,20.58,19.41,42174,83633980.0,5.77,-3.5,-0.71,2.74,002957
2021-04-14,19.61,19.87,19.97,19.45,20696,40443563.0,2.66,1.53,0.3,1.34,002957
2021-04-15,19.78,20.31,20.45,19.55,33718,67142953.0,4.53,2.21,0.44,2.19,002957
2021-04-16,20.2,20.43,20.52,20.2,25146,50709981.0,1.58,0.59,0.12,1.63,002957
2021-04-19,20.7,21.04,21.98,20.28,57828,119445584.0,8.32,2.99,0.61,3.76,002957
2021-04-20,20.85,21.0,21.17,20.7,33434,69219213.0,2.23,-0.19,-0.04,2.17,002957
2021-04-21,20.99,20.94,21.33,20.76,22467,46783308.0,2.71,-0.29,-0.06,1.46,002957
2021-04-22,20.91,20.46,21.0,20.2,32579,66109372.0,3.82,-2.29,-0.48,2.12,002957
2021-04-23,20.55,19.89,20.55,19.76,29673,58751625.0,3.86,-2.79,-0.57,1.93,002957
2021-04-26,19.61,19.3,19.89,19.3,24913,48419615.0,2.97,-2.97,-0.59,1.62,002957
2021-04-27,19.45,19.03,19.5,18.88,16085,30396978.0,3.21,-1.4,-0.27,1.05,002957
2021-04-28,18.9,19.15,19.19,18.81,9896,18661673.0,2.0,0.63,0.12,0.64,002957
2021-04-29,19.03,19.01,19.14,18.9,11832,22233476.0,1.25,-0.73,-0.14,0.77,002957
2021-04-30,19.01,18.99,19.16,18.95,9154,17234247.0,1.1,-0.11,-0.02,0.59,002957
2021-05-06,18.99,18.81,19.18,18.74,9757,18264752.0,2.32,-0.95,-0.18,0.63,002957
2021-05-07,18.82,18.34,18.84,18.3,12570,23026008.0,2.87,-2.5,-0.47,0.82,002957
2021-05-10,18.34,17.98,18.47,17.98,14778,26539359.0,2.67,-1.96,-0.36,0.96,002957
2021-05-11,17.98,18.26,18.29,17.83,10263,18322709.0,2.56,1.56,0.28,0.67,002957
2021-05-12,18.26,18.28,18.34,17.97,9907,17756945.0,2.03,0.11,0.02,0.64,002957
2021-05-13,18.11,18.54,18.83,18.1,12621,23065015.0,3.99,1.42,0.26,0.82,002957
2021-05-14,18.58,18.7,18.76,18.46,13522,24908599.0,1.62,0.86,0.16,0.88,002957
2021-05-17,18.66,18.35,18.75,18.25,13111,23974703.0,2.67,-1.87,-0.35,0.85,002957
2021-05-18,18.34,18.26,18.41,18.22,8087,14640895.0,1.04,-0.49,-0.09,0.53,002957
2021-05-19,18.24,18.66,19.18,18.08,16201,29753019.0,6.02,2.19,0.4,1.05,002957
2021-05-20,18.55,18.31,18.66,18.28,11355,20710477.0,2.04,-1.88,-0.35,0.74,002957
2021-05-21,18.28,18.32,18.46,18.25,7219,13089494.0,1.15,0.05,0.01,0.47,002957
2021-05-24,18.33,18.35,18.5,18.32,8275,15055985.0,0.98,0.16,0.03,0.54,002957
2021-05-25,18.43,18.39,18.49,18.29,12092,21977403.0,1.09,0.22,0.04,0.79,002957
2021-05-26,18.39,18.48,18.59,18.35,13850,25295861.0,1.31,0.49,0.09,0.9,002957
2021-05-27,18.4,18.82,18.98,18.34,21069,38980252.0,3.46,1.84,0.34,1.37,002957
2021-05-28,18.91,19.52,19.96,18.76,51339,98981461.0,6.38,3.72,0.7,3.34,002957
2021-05-31,20.53,21.45,21.45,20.53,39541,83798562.0,4.71,9.89,1.93,2.57,002957
2021-06-01,23.58,23.58,23.58,23.58,26280,61442640.0,0.0,9.93,2.13,1.71,002957
2021-06-02,25.13,22.59,25.13,22.5,198796,463407984.0,11.15,-4.2,-0.99,12.92,002957
2021-06-03,21.97,22.66,22.94,21.79,103511,228749845.0,5.09,0.31,0.07,6.73,002957
2021-06-04,21.81,23.59,24.57,21.72,106768,244689086.0,12.58,4.1,0.93,6.94,002957
2021-06-07,23.59,22.88,24.38,22.65,68165,157275268.0,7.33,-3.01,-0.71,4.43,002957
2021-06-08,23.12,23.15,23.84,22.81,66903,154689310.0,4.5,1.18,0.27,4.35,002957
2021-06-09,23.07,23.32,23.57,22.57,58171,132657443.0,4.32,0.73,0.17,3.78,002957
2021-06-10,22.98,23.17,23.62,22.81,53734,123808574.0,3.47,-0.64,-0.15,3.49,002957
2021-06-11,24.13,23.21,25.47,23.21,91559,218713930.0,9.75,0.17,0.04,5.95,002957
2021-06-15,22.72,21.93,23.0,20.91,80530,173753688.0,9.0,-5.51,-1.28,5.23,002957
2021-06-16,21.65,21.1,21.96,20.98,36181,76515478.0,4.47,-3.78,-0.83,2.35,002957
2021-06-17,20.96,20.9,21.2,20.45,38756,79529355.0,3.55,-0.95,-0.2,2.52,002957
2021-06-18,21.3,22.97,22.97,20.94,74982,165174045.0,9.71,9.9,2.07,4.87,002957
2021-06-21,23.1,24.32,25.2,22.98,117984,284489088.0,9.66,5.88,1.35,7.67,002957
2021-06-22,24.32,24.38,24.58,23.8,57019,136820506.0,3.21,0.25,0.06,3.71,002957
2021-06-23,24.2,24.78,25.16,23.83,55272,134846224.0,5.46,1.64,0.4,3.59,002957
2021-06-24,24.29,24.72,25.15,24.27,38892,95323837.0,3.55,-0.24,-0.06,2.53,002957
2021-06-25,24.92,24.48,24.92,23.9,40885,97342576.0,4.13,-0.97,-0.24,2.66,002957
2021-06-28,24.48,26.07,26.6,24.48,75491,191200479.0,8.66,6.5,1.59,4.91,002957
2021-06-29,26.03,26.3,26.93,25.68,55922,145256480.0,4.79,0.88,0.23,3.63,002957
2021-06-30,26.3,25.89,26.71,25.45,39405,100305091.0,4.79,-1.56,-0.41,2.56,002957
2021-07-01,25.89,25.3,26.43,25.19,27917,70330810.0,4.79,-2.28,-0.59,1.81,002957
2021-07-02,25.23,25.45,25.77,24.84,27619,68815334.0,3.68,0.59,0.15,1.79,002957
2021-07-05,25.45,27.95,27.95,25.1,55110,146323005.0,11.2,9.82,2.5,3.58,002957
2021-07-06,29.42,28.43,29.67,27.49,85061,239060247.0,7.8,1.72,0.48,5.53,002957
2021-07-07,28.15,27.67,28.28,27.03,59659,161848416.0,4.4,-2.67,-0.76,3.88,002957
2021-07-08,27.67,29.29,29.93,27.45,86611,248548982.0,8.96,5.85,1.62,5.63,002957
2021-07-09,28.54,29.97,30.18,28.54,70459,206231462.0,5.6,2.32,0.68,4.58,002957
2021-07-12,29.93,30.46,31.61,29.41,80172,242341043.0,7.34,1.63,0.49,5.21,002957
2021-07-13,30.51,30.37,31.08,29.73,38385,114573318.0,4.43,-0.3,-0.09,2.49,002957
2021-07-14,30.32,29.49,30.83,29.08,51552,151026788.0,5.76,-2.9,-0.88,3.35,002957
2021-07-15,29.48,29.02,29.63,28.55,34101,97596162.0,3.66,-1.59,-0.47,2.22,002957
2021-07-16,29.04,29.03,29.89,28.43,33162,95379505.0,5.03,0.03,0.01,2.15,002957
2021-07-19,29.03,27.13,29.12,26.73,68753,186491655.0,8.23,-6.54,-1.9,4.47,002957
2021-07-20,27.44,28.12,28.29,27.19,32994,90557260.0,4.05,3.65,0.99,2.14,002957
2021-07-21,28.05,28.74,29.25,27.97,34205,96475664.0,4.55,2.2,0.62,2.22,002957
2021-07-22,29.02,28.99,29.25,28.24,28184,80139869.0,3.51,0.87,0.25,1.83,002957
2021-07-23,28.96,27.61,28.99,27.44,31044,85904361.0,5.35,-4.76,-1.38,2.02,002957
2021-07-26,27.61,26.96,27.99,26.44,24514,65484945.0,5.61,-2.35,-0.65,1.59,002957
2021-07-27,26.95,26.03,27.72,25.93,26245,69167922.0,6.64,-3.45,-0.93,1.71,002957
2021-07-28,26.02,24.88,26.23,24.74,31618,78309521.0,5.72,-4.42,-1.15,2.05,002957
2021-07-29,25.51,27.33,27.33,25.51,29589,77343695.0,7.32,9.85,2.45,1.92,002957
2021-07-30,27.82,27.79,29.04,27.03,75732,208779036.0,7.35,1.68,0.46,4.92,002957
2021-08-02,27.72,26.93,28.22,26.54,47783,127185879.0,6.05,-3.09,-0.86,3.11,002957
2021-08-03,27.13,25.89,27.13,25.89,28658,74426746.0,4.6,-3.86,-1.04,1.86,002957
2021-08-04,26.43,26.17,26.43,25.09,44921,114048567.0,5.18,1.08,0.28,2.92,002957
2021-08-05,25.83,25.69,26.11,25.49,24306,61493022.0,2.37,-1.83,-0.48,1.58,002957
2021-08-06,25.71,26.55,26.9,25.71,57168,148917376.0,4.63,3.35,0.86,3.71,002957
2021-08-09,26.56,28.6,29.16,26.01,98555,273427120.0,11.86,7.72,2.05,6.4,002957
2021-08-10,28.23,28.4,28.93,27.41,73727,205398163.0,5.31,-0.7,-0.2,4.79,002957
2021-08-11,28.34,28.08,28.66,27.55,40649,112284791.0,3.91,-1.13,-0.32,2.64,002957
2021-08-12,27.98,27.71,28.19,27.33,32760,89228329.0,3.06,-1.32,-0.37,2.13,002957
2021-08-13,28.63,27.11,30.33,26.84,115661,320859536.0,12.59,-2.17,-0.6,7.52,002957
2021-08-16,26.78,26.61,27.26,26.06,43163,113087180.0,4.43,-1.84,-0.5,2.8,002957
2021-08-17,26.43,26.83,28.08,26.14,61319,163153384.0,7.29,0.83,0.22,3.98,002957
2021-08-18,26.16,26.13,26.55,25.45,45432,115923662.0,4.1,-2.61,-0.7,2.95,002957
2021-08-19,25.93,25.23,26.14,25.08,35872,89673723.0,4.06,-3.44,-0.9,2.33,002957
2021-08-20,25.39,25.16,25.55,24.41,36214,88477002.0,4.52,-0.28,-0.07,2.35,002957
2021-08-23,25.42,26.32,26.39,25.15,33095,84544414.0,4.93,4.61,1.16,2.15,002957
2021-08-24,26.01,28.91,28.91,25.95,95340,263467669.0,11.25,9.84,2.59,6.2,002957
2021-08-25,29.09,30.07,30.29,28.93,106660,312575392.0,4.7,4.01,1.16,6.93,002957
2021-08-26,30.74,29.56,31.01,29.25,56768,166534285.0,5.85,-1.7,-0.51,3.69,002957
2021-08-27,29.71,31.07,31.65,29.26,86604,261007093.0,8.09,5.11,1.51,5.63,002957
2021-08-30,30.0,33.15,34.13,30.0,120057,386128816.0,13.29,6.69,2.08,7.8,002957
2021-08-31,33.16,31.51,34.03,31.15,83720,266950354.0,8.69,-4.95,-1.64,5.44,002957
2021-09-01,32.29,29.57,32.29,29.03,65000,190958816.0,10.35,-6.16,-1.94,4.22,002957
2021-09-02,29.49,29.21,29.74,28.83,42530,122346837.0,3.08,-1.22,-0.36,2.76,002957
2021-09-03,29.21,28.18,29.33,27.95,41320,116097528.0,4.72,-3.53,-1.03,2.69,002957
2021-09-06,28.19,28.23,28.73,27.98,30638,85505604.0,2.66,0.18,0.05,1.99,002957
2021-09-07,28.24,28.43,28.66,27.73,37060,103342772.0,3.29,0.71,0.2,2.41,002957
2021-09-08,28.56,28.34,28.68,27.63,30886,85499276.0,3.69,-0.32,-0.09,2.01,002957
2021-09-09,28.68,28.21,29.49,27.7,55376,155959043.0,6.32,-0.46,-0.13,3.6,002957
2021-09-10,28.3,26.75,28.48,26.4,51466,136270539.0,7.37,-5.18,-1.46,3.34,002957
2021-09-13,26.69,26.4,26.82,26.03,33735,87478991.0,2.95,-1.31,-0.35,2.19,002957
2021-09-14,26.33,26.18,26.82,26.09,28148,73124445.0,2.77,-0.83,-0.22,1.83,002957
2021-09-15,26.42,26.67,26.9,26.19,27923,72951273.0,2.71,1.87,0.49,1.81,002957
2021-09-16,26.68,25.58,26.88,25.45,28102,72091346.0,5.36,-4.09,-1.09,1.83,002957
2021-09-17,25.43,24.61,25.54,23.71,32114,77783527.0,7.15,-3.79,-0.97,2.09,002957
2021-09-22,24.61,24.05,24.73,23.61,24589,58000936.0,4.55,-2.28,-0.56,1.6,002957
2021-09-23,24.04,23.56,24.63,23.52,35617,83573259.0,4.62,-2.04,-0.49,2.31,002957
2021-09-24,23.54,22.84,23.55,22.68,30300,68458174.0,3.69,-3.06,-0.72,1.97,002957
2021-09-27,22.93,22.11,23.0,21.73,21674,47166609.0,5.56,-3.2,-0.73,1.41,002957
2021-09-28,22.11,22.21,22.48,21.83,14812,32237652.0,2.94,0.45,0.1,0.96,002957
2021-09-29,22.1,21.22,22.21,21.03,35138,73805465.0,5.31,-4.46,-0.99,2.28,002957
2021-09-30,21.41,22.08,22.71,21.05,42119,90292225.0,7.82,4.05,0.86,2.74,002957
2021-10-08,22.36,22.14,22.66,22.04,22501,49175421.0,2.81,0.27,0.06,1.46,002957
2021-10-11,22.28,21.89,22.31,21.54,19094,40964671.0,3.48,-1.13,-0.25,1.24,002957
2021-10-12,21.82,21.4,21.93,21.13,23415,49073920.0,3.65,-2.24,-0.49,1.52,002957
2021-10-13,21.52,21.87,22.19,21.16,15268,32273720.0,4.81,2.2,0.47,0.99,002957
2021-10-14,22.17,22.03,22.52,21.89,16619,36110173.0,2.88,0.73,0.16,1.08,002957
2021-10-15,21.83,21.63,21.88,21.31,20613,43486414.0,2.59,-1.82,-0.4,1.34,002957
2021-10-18,21.56,21.39,21.79,20.93,34027,71113140.0,3.98,-1.11,-0.24,2.21,002957
2021-10-19,21.04,21.01,21.48,20.87,22656,46793941.0,2.85,-1.78,-0.38,1.47,002957
2021-10-20,20.87,21.25,21.38,20.83,19750,40977785.0,2.62,1.14,0.24,1.28,002957
2021-10-21,20.93,21.07,21.24,20.93,14755,30505962.0,1.46,-0.85,-0.18,0.96,002957
2021-10-22,21.05,21.24,21.62,20.53,32684,67601334.0,5.17,0.81,0.17,2.12,002957
2021-10-25,21.32,21.26,21.32,20.52,18003,36934007.0,3.77,0.09,0.02,1.17,002957
2021-10-26,21.33,21.47,21.83,21.19,20849,44113991.0,3.01,0.99,0.21,1.35,002957
2021-10-27,21.48,20.53,21.71,20.44,18323,37349817.0,5.92,-4.38,-0.94,1.19,002957
2021-10-28,20.48,21.01,22.09,20.18,46456,97141869.0,9.3,2.34,0.48,3.02,002957
2021-10-29,20.92,20.91,21.09,20.31,21808,44112993.0,3.71,-0.48,-0.1,1.42,002957
2021-11-01,20.91,22.96,22.96,20.91,32578,71216070.0,9.8,9.8,2.05,2.12,002957
2021-11-02,23.43,23.35,24.71,23.11,96279,225594103.0,6.97,1.7,0.39,6.26,002957
2021-11-03,23.91,24.43,24.58,22.98,55656,130120793.0,6.85,4.63,1.08,3.62,002957
2021-11-04,24.33,24.93,25.13,23.74,50459,121700393.0,5.69,2.05,0.5,3.28,002957
2021-11-05,24.93,24.7,25.48,24.33,47153,115478291.0,4.61,-0.92,-0.23,3.06,002957
2021-11-08,24.68,24.19,25.13,24.05,29203,69906164.0,4.37,-2.06,-0.51,1.9,002957
2021-11-09,24.16,24.27,24.45,23.73,34061,80713419.0,2.98,0.33,0.08,2.21,002957
2021-11-10,24.18,23.93,24.52,23.83,20948,49468872.0,2.84,-1.4,-0.34,1.36,002957
2021-11-11,23.93,24.83,24.87,23.93,32680,78992072.0,3.93,3.76,0.9,2.12,002957
2021-11-12,24.83,26.29,26.73,24.26,60434,151992798.0,9.95,5.88,1.46,3.93,002957
2021-11-15,26.23,26.24,26.78,25.83,41718,108354349.0,3.61,-0.19,-0.05,2.71,002957
2021-11-16,26.35,25.81,26.35,25.46,28470,72102880.0,3.39,-1.64,-0.43,1.85,002957
2021-11-17,25.93,26.91,27.08,25.27,53949,140252163.0,7.01,4.26,1.1,3.51,002957
2021-11-18,26.63,26.55,27.01,26.13,27773,72359077.0,3.27,-1.34,-0.36,1.8,002957
2021-11-19,26.38,26.63,27.2,25.73,26961,70608191.0,5.54,0.3,0.08,1.75,002957
2021-11-22,26.73,27.99,28.53,26.23,72662,199271923.0,8.64,5.11,1.36,4.72,002957
2021-11-23,28.0,28.73,29.13,27.73,50516,141967300.0,5.0,2.64,0.74,3.28,002957
2021-11-24,28.3,28.75,29.33,28.24,37228,105489669.0,3.79,0.07,0.02,2.42,002957
2021-11-25,28.67,28.42,29.31,28.18,55747,156727855.0,3.93,-1.15,-0.33,3.62,002957
2021-11-26,28.42,29.33,29.97,28.42,61106,176159202.0,5.45,3.2,0.91,3.97,002957
2021-11-29,30.06,29.33,30.62,27.99,73780,212409128.0,8.97,0.0,0.0,4.79,002957
2021-11-30,29.38,28.15,29.93,27.58,75731,212049579.0,8.01,-4.02,-1.18,4.92,002957
2021-12-01,28.15,27.71,28.71,27.52,41489,113778652.0,4.23,-1.56,-0.44,2.7,002957
2021-12-02,27.85,26.78,28.27,26.74,36005,96267667.0,5.52,-3.36,-0.93,2.34,002957
2021-12-03,26.62,26.59,27.13,26.17,27376,71321226.0,3.58,-0.71,-0.19,1.77,002957
2021-12-06,26.53,25.87,26.63,25.78,37981,97706642.0,3.2,-2.71,-0.72,2.46,002957
2021-12-07,25.74,24.41,26.12,24.16,50205,122034148.0,7.58,-5.64,-1.46,3.25,002957
2021-12-08,24.5,26.39,26.51,24.43,53231,134574389.0,8.52,8.11,1.98,3.44,002957
2021-12-09,26.39,25.76,27.11,25.59,47120,121682213.0,5.76,-2.39,-0.63,3.05,002957
2021-12-10,25.65,25.93,26.26,25.26,23107,58629443.0,3.88,0.66,0.17,1.49,002957
2021-12-13,25.83,26.42,26.6,25.65,30268,77926992.0,3.66,1.89,0.49,1.96,002957
2021-12-14,26.23,27.32,28.22,26.08,64827,174670430.0,8.1,3.41,0.9,4.19,002957
2021-12-15,27.11,26.78,27.43,26.44,45531,120459613.0,3.62,-1.98,-0.54,2.94,002957
2021-12-16,26.49,26.69,26.98,26.16,28356,73958620.0,3.06,-0.34,-0.09,1.83,002957
2021-12-17,26.5,25.69,26.79,25.37,35174,89310898.0,5.32,-3.75,-1.0,2.27,002957
2021-12-20,26.21,25.06,26.21,24.93,23104,57538187.0,4.98,-2.45,-0.63,1.49,002957
2021-12-21,25.1,25.1,25.32,24.78,19043,46779180.0,2.15,0.16,0.04,1.23,002957
2021-12-22,25.1,26.21,26.48,25.03,25566,65332787.0,5.78,4.42,1.11,1.65,002957
2021-12-23,25.44,25.56,26.08,25.02,26376,66331393.0,4.04,-2.48,-0.65,1.71,002957
2021-12-24,25.7,24.48,25.7,23.05,32061,77545344.0,10.37,-4.23,-1.08,2.07,002957
2021-12-27,24.46,23.79,24.46,23.55,19873,46610016.0,3.72,-2.82,-0.69,1.29,002957
2021-12-28,23.88,24.76,24.86,23.87,19054,45858584.0,4.16,4.08,0.97,1.23,002957
2021-12-29,24.75,24.8,25.72,24.44,28417,70075407.0,5.17,0.16,0.04,1.84,002957
2021-12-30,25.02,25.76,25.97,24.66,25217,63327181.0,5.28,3.87,0.96,1.63,002957
2021-12-31,25.77,25.86,26.22,25.52,18943,48060377.0,2.72,0.39,0.1,1.22,002957
2022-01-04,25.87,24.99,26.23,24.81,23562,58273401.0,5.49,-3.36,-0.87,1.52,002957
2022-01-05,25.28,24.17,25.28,24.13,20090,48221846.0,4.6,-3.28,-0.82,1.3,002957
2022-01-06,24.17,24.39,24.68,24.06,14077,33785456.0,2.57,0.91,0.22,0.91,002957
2022-01-07,24.39,23.72,24.78,23.72,15414,36374408.0,4.35,-2.75,-0.67,1.0,002957
2022-01-10,23.89,23.72,23.95,23.43,13566,31563498.0,2.19,0.0,0.0,0.88,002957
2022-01-11,23.72,23.19,24.01,23.1,26110,59996081.0,3.84,-2.23,-0.53,1.69,002957
2022-01-12,23.19,23.6,23.94,23.19,26039,60149645.0,3.23,1.77,0.41,1.68,002957
2022-01-13,23.56,23.18,23.59,23.09,18225,41627858.0,2.12,-1.78,-0.42,1.18,002957
2022-01-14,23.41,23.4,23.68,22.84,30521,69718437.0,3.62,0.95,0.22,1.97,002957
2022-01-17,23.23,23.04,23.59,22.84,44118,100507930.0,3.21,-1.54,-0.36,2.85,002957
2022-01-18,23.04,21.92,23.12,21.76,64054,139736437.0,5.9,-4.86,-1.12,4.14,002957
2022-01-19,21.96,21.21,22.0,21.02,79941,166740678.0,4.47,-3.24,-0.71,5.17,002957
2022-01-20,21.28,20.44,21.28,20.16,67999,136620167.0,5.28,-3.63,-0.77,4.4,002957
2022-01-21,20.56,20.11,20.57,19.98,32919,65229474.0,2.89,-1.61,-0.33,2.13,002957
2022-01-24,20.1,20.43,20.47,19.69,49870,97937830.0,3.88,1.59,0.32,3.22,002957
2022-01-25,20.26,19.56,20.45,19.54,35213,68518757.0,4.45,-4.26,-0.87,2.28,002957
2022-01-26,19.75,19.57,19.86,19.22,24876,47408051.0,3.27,0.05,0.01,1.61,002957
2022-01-27,19.63,18.95,19.73,18.85,31081,58289208.0,4.5,-3.17,-0.62,2.01,002957
2022-01-28,19.01,19.32,19.6,18.93,39317,73831438.0,3.54,1.95,0.37,2.54,002957
2022-02-07,19.31,19.16,19.31,18.25,57220,105889118.0,5.49,-0.83,-0.16,3.7,002957
2022-02-08,19.29,18.94,19.41,18.43,34870,64163262.0,5.11,-1.15,-0.22,2.25,002957
2022-02-09,18.91,19.21,19.38,18.77,37431,69982038.0,3.22,1.43,0.27,2.42,002957
2022-02-10,19.2,18.74,19.2,18.71,30259,55690814.0,2.55,-2.45,-0.47,1.96,002957
2022-02-11,18.85,18.22,18.87,18.17,31904,57152906.0,3.74,-2.77,-0.52,2.06,002957
2022-02-14,18.24,18.18,18.56,17.94,25074,44698224.0,3.4,-0.22,-0.04,1.62,002957
2022-02-15,18.25,18.51,18.62,18.14,24170,43469722.0,2.64,1.82,0.33,1.56,002957
2022-02-16,18.64,19.03,19.08,18.47,34331,63108072.0,3.3,2.81,0.52,2.22,002957
2022-02-17,18.91,18.94,19.12,18.83,26903,49938220.0,1.52,-0.47,-0.09,1.74,002957
2022-02-18,18.84,19.07,19.13,18.73,28434,52751327.0,2.11,0.69,0.13,1.84,002957
2022-02-21,19.06,19.09,19.2,18.89,22100,41165446.0,1.63,0.1,0.02,1.43,002957
2022-02-22,19.01,18.91,19.13,18.59,23317,42941962.0,2.83,-0.94,-0.18,1.51,002957
2022-02-23,18.88,19.33,19.43,18.88,36563,68940697.0,2.91,2.22,0.42,2.36,002957
2022-02-24,19.24,18.72,19.53,18.53,47736,88869811.0,5.17,-3.16,-0.61,3.09,002957
2022-02-25,18.84,19.04,19.3,18.78,39283,73280962.0,2.78,1.71,0.32,2.54,002957
2022-02-28,19.05,19.0,19.14,18.51,22888,41971471.0,3.31,-0.21,-0.04,1.48,002957
2022-03-01,19.0,18.96,19.13,18.82,18657,34602098.0,1.63,-0.21,-0.04,1.21,002957
2022-03-02,18.76,18.81,18.95,18.66,19003,34856698.0,1.53,-0.79,-0.15,1.23,002957
2022-03-03,18.96,18.51,18.96,18.37,29347,53239012.0,3.14,-1.59,-0.3,1.9,002957
2022-03-04,18.42,18.16,18.53,18.13,24920,44537864.0,2.16,-1.89,-0.35,1.61,002957
2022-03-07,18.08,17.52,18.13,17.46,30079,52099378.0,3.69,-3.52,-0.64,1.95,002957
2022-03-08,17.51,16.98,17.73,16.96,32138,54114530.0,4.39,-3.08,-0.54,2.08,002957
2022-03-09,16.99,16.59,17.16,15.73,34476,55585864.0,8.42,-2.3,-0.39,2.23,002957
2022-03-10,16.83,16.95,17.28,16.83,24208,40275929.0,2.71,2.17,0.36,1.57,002957
2022-03-11,16.88,17.15,17.16,16.51,22321,36573433.0,3.83,1.18,0.2,1.44,002957
2022-03-14,17.32,17.02,17.71,17.01,37496,63195241.0,4.08,-0.76,-0.13,2.42,002957
2022-03-15,16.9,16.74,17.88,16.34,64090,106845677.0,9.05,-1.65,-0.28,4.14,002957
2022-03-16,16.76,16.14,16.85,15.31,79888,123877790.0,9.2,-3.58,-0.6,5.17,002957
2022-03-17,16.22,16.77,17.41,16.22,59131,97661749.0,7.37,3.9,0.63,3.82,002957
2022-03-18,16.9,16.81,16.92,16.58,27117,44200264.0,2.03,0.24,0.04,1.75,002957
2022-03-21,16.97,17.07,17.16,16.81,24490,40640962.0,2.08,1.55,0.26,1.58,002957
2022-03-22,17.08,16.99,17.13,16.76,22130,36580790.0,2.17,-0.47,-0.08,1.43,002957
2022-03-23,16.96,16.84,17.11,16.78,20016,33012286.0,1.94,-0.88,-0.15,1.29,002957
2022-03-24,16.8,16.32,16.8,16.28,28641,45884123.0,3.09,-3.09,-0.52,1.85,002957
2022-03-25,16.53,16.19,16.53,16.18,18797,29902455.0,2.14,-0.8,-0.13,1.22,002957
2022-03-28,16.11,15.98,16.21,15.81,12328,19167892.0,2.47,-1.3,-0.21,0.8,002957
2022-03-29,16.2,15.68,16.23,15.67,18404,28402846.0,3.5,-1.88,-0.3,1.19,002957
2022-03-30,15.68,15.93,15.99,15.66,22948,35444348.0,2.1,1.59,0.25,1.48,002957
2022-03-31,15.86,15.73,16.03,15.71,20572,31705272.0,2.01,-1.26,-0.2,1.33,002957
2022-04-01,15.73,15.89,15.95,15.47,17918,27455422.0,3.05,1.02,0.16,1.16,002957
2022-04-06,15.85,15.95,16.09,15.75,16938,26271748.0,2.14,0.38,0.06,1.1,002957
2022-04-07,15.87,15.42,15.87,15.42,20650,31304065.0,2.82,-3.32,-0.53,1.34,002957
2022-04-08,15.33,15.07,15.5,14.88,23002,33683202.0,4.02,-2.27,-0.35,1.49,002957
2022-04-11,14.99,14.56,15.01,14.4,20660,29473190.0,4.05,-3.38,-0.51,1.34,002957
2022-04-12,14.54,14.86,14.89,14.36,16591,23542590.0,3.64,2.06,0.3,1.07,002957
2022-04-13,14.87,14.65,14.91,14.61,11181,15973438.0,2.02,-1.41,-0.21,0.72,002957
2022-04-14,14.65,14.56,14.8,14.51,20047,28487608.0,1.98,-0.61,-0.09,1.3,002957
2022-04-15,14.54,14.16,14.54,14.05,19180,26434279.0,3.37,-2.75,-0.4,1.24,002957
2022-04-18,14.08,14.47,14.5,13.87,19300,26809919.0,4.45,2.19,0.31,1.25,002957
2022-04-19,14.43,14.35,14.62,14.22,12720,17740880.0,2.76,-0.83,-0.12,0.82,002957
2022-04-20,14.28,14.23,14.52,14.18,14998,20916905.0,2.37,-0.84,-0.12,0.97,002957
2022-04-21,14.21,13.59,14.29,13.57,18081,24339145.0,5.06,-4.5,-0.64,1.17,002957
2022-04-22,13.55,13.44,13.64,13.27,15062,19610719.0,2.72,-1.1,-0.15,0.97,002957
2022-04-25,13.13,12.14,13.13,12.14,32075,39065716.0,7.37,-9.67,-1.3,2.07,002957
2022-04-26,12.14,11.58,12.19,11.49,28502,32540645.0,5.77,-4.61,-0.56,1.84,002957
2022-04-27,11.41,12.06,12.11,11.32,30901,34893267.0,6.82,4.15,0.48,2.0,002957
2022-04-28,12.03,11.71,12.05,11.56,24507,27826578.0,4.06,-2.9,-0.35,1.58,002957
2022-04-29,11.82,12.2,12.26,11.82,28354,32973413.0,3.76,4.18,0.49,1.83,002957
2022-05-05,12.2,12.56,12.75,12.08,23352,28231819.0,5.49,2.95,0.36,1.51,002957
2022-05-06,12.39,12.57,12.67,12.23,15751,19063760.0,3.5,0.08,0.01,1.02,002957
2022-05-09,12.55,12.69,12.83,12.49,13017,15949691.0,2.7,0.95,0.12,0.84,002957
2022-05-10,12.56,13.01,13.06,12.55,15128,18863014.0,4.02,2.52,0.32,0.98,002957
2022-05-11,13.01,13.15,13.57,13.01,21043,27174331.0,4.3,1.08,0.14,1.36,002957
2022-05-12,13.15,13.35,13.4,13.1,16911,21700119.0,2.28,1.52,0.2,1.09,002957
2022-05-13,13.53,13.35,13.56,13.14,11601,14974440.0,3.15,0.0,0.0,0.75,002957
2022-05-16,13.46,13.28,13.61,13.22,11362,14704768.0,2.92,-0.52,-0.07,0.73,002957
2022-05-17,13.28,13.29,13.34,13.05,12368,15791258.0,2.18,0.08,0.01,0.8,002957
2022-05-18,13.33,13.43,13.56,13.25,13653,17760235.0,2.33,1.05,0.14,0.88,002957
2022-05-19,13.31,13.48,13.5,13.21,10631,13764919.0,2.16,0.37,0.05,0.69,002957
2022-05-20,13.42,13.87,14.03,13.36,34279,45660889.0,4.97,2.89,0.39,2.22,002957
2022-05-23,15.21,15.21,15.21,15.21,24143,35683354.0,0.0,9.66,1.34,1.56,002957
2022-05-24,15.8,14.52,15.8,13.9,164872,235382855.0,12.49,-4.54,-0.69,10.66,002957
2022-05-25,14.11,14.18,14.31,13.63,93720,126691781.0,4.68,-2.34,-0.34,6.06,002957
2022-05-26,14.06,13.75,14.18,13.56,54250,72353873.0,4.37,-3.03,-0.43,3.51,002957
2022-05-27,13.83,15.08,15.08,13.76,81692,118567504.0,9.6,9.67,1.33,5.28,002957
2022-05-30,15.14,14.59,15.25,14.38,138254,198217498.0,5.77,-3.25,-0.49,8.94,002957
2022-05-31,14.43,16.01,16.01,14.05,97532,141119701.0,13.43,9.73,1.42,6.31,002957
2022-06-01,16.53,17.57,17.57,16.53,303409,509948368.0,6.5,9.74,1.56,19.62,002957
2022-06-02,17.15,16.83,18.46,16.55,255154,433203968.0,10.87,-4.21,-0.74,16.5,002957
2022-06-06,16.38,16.17,16.54,16.03,156515,247034903.0,3.03,-3.92,-0.66,10.12,002957
2022-06-07,16.13,16.23,16.66,15.83,119511,188341858.0,5.13,0.37,0.06,7.73,002957
2022-06-08,16.82,17.81,17.81,16.33,196516,328165408.0,9.12,9.74,1.58,12.71,002957
2022-06-09,18.03,16.36,18.03,16.23,153410,252825715.0,10.11,-8.14,-1.45,9.92,002957
2022-06-10,16.24,16.7,17.19,16.16,104360,170251507.0,6.3,2.08,0.34,6.75,002957
2022-06-13,16.45,17.33,17.77,16.44,119560,198023060.0,7.96,3.77,0.63,7.73,002957
2022-06-14,16.95,16.89,17.05,16.46,78062,127523709.0,3.4,-2.54,-0.44,5.05,002957
2022-06-15,16.76,16.69,17.14,16.46,86202,140745508.0,4.03,-1.18,-0.2,5.57,002957
2022-06-16,16.43,16.33,16.61,16.14,60466,96345686.0,2.82,-2.16,-0.36,3.91,002957
2022-06-17,16.13,16.78,17.15,16.05,72982,118391801.0,6.74,2.76,0.45,4.72,002957
2022-06-20,16.88,16.66,17.71,16.59,82276,136791695.0,6.67,-0.72,-0.12,5.32,002957
2022-06-21,16.59,17.02,17.32,16.42,67916,111502131.0,5.4,2.16,0.36,4.39,002957
2022-06-22,16.81,15.91,16.93,15.88,106728,168789340.0,6.17,-6.52,-1.11,6.9,002957
2022-06-23,15.88,16.07,16.36,15.34,103968,160479502.0,6.41,1.01,0.16,6.72,002957
2022-06-24,16.1,16.46,16.53,15.99,64375,102507032.0,3.36,2.43,0.39,4.16,002957
2022-06-27,16.46,16.85,17.06,16.36,73928,120752732.0,4.25,2.37,0.39,4.78,002957
2022-06-28,16.73,17.06,17.1,16.48,72522,119293728.0,3.68,1.25,0.21,4.69,002957
2022-06-29,17.18,17.38,18.09,16.96,188572,324146592.0,6.62,1.88,0.32,12.19,002957
2022-06-30,17.13,16.78,17.39,16.46,112491,185187379.0,5.35,-3.45,-0.6,7.27,002957
2022-07-01,16.77,16.46,16.78,16.16,66412,105617798.0,3.69,-1.91,-0.32,4.29,002957
2022-07-04,16.36,16.26,16.41,16.04,40612,64068678.0,2.25,-1.22,-0.2,2.63,002957
2022-07-05,16.28,15.75,16.41,15.57,72283,111437981.0,5.17,-3.14,-0.51,4.67,002957
2022-07-06,15.61,15.84,16.14,15.61,36437,56324182.0,3.37,0.57,0.09,2.36,002957
2022-07-07,15.8,15.88,15.97,15.61,28785,44255779.0,2.27,0.25,0.04,1.86,002957
2022-07-08,15.88,15.86,16.2,15.69,28135,43565173.31,3.21,-0.13,-0.02,1.82,002957
2022-07-11,15.73,15.41,15.84,15.22,36739,55056194.8,3.91,-2.84,-0.45,2.38,002957
2022-07-12,15.44,14.81,15.44,14.8,39314,57257715.0,4.15,-3.89,-0.6,2.54,002957
2022-07-13,14.81,15.01,15.1,14.66,29862,43162384.0,2.97,1.35,0.2,1.93,002957
2022-07-14,15.11,15.51,15.65,14.99,38153,57041792.26,4.4,3.33,0.5,2.47,002957
2022-07-15,15.48,15.48,15.61,15.14,34685,51879755.2,3.03,-0.19,-0.03,2.24,002957
2022-07-18,15.48,16.3,16.34,15.48,65283,102250280.02,5.56,5.3,0.82,4.22,002957
2022-07-19,16.4,15.95,16.4,15.72,47100,73059961.32,4.17,-2.15,-0.35,3.05,002957
2022-07-20,16.17,16.27,16.84,15.94,72473,114921563.86,5.64,2.01,0.32,4.69,002957
2022-07-21,16.12,16.44,16.72,16.01,75512,121148424.33,4.36,1.04,0.17,4.88,002957
2022-07-22,16.45,16.46,16.61,16.07,51638,82131262.36,3.28,0.12,0.02,3.34,002957
2022-07-25,16.32,16.55,17.12,16.18,86464,140927276.0,5.71,0.55,0.09,5.59,002957
2022-07-26,17.26,17.03,17.65,16.64,123184,204621553.25,6.1,2.9,0.48,7.97,002957
2022-07-27,17.02,17.34,17.57,16.74,90773,151623660.54,4.87,1.82,0.31,5.87,002957
2022-07-28,17.26,18.26,18.38,17.23,151886,265710959.86,6.63,5.31,0.92,9.82,002957
2022-07-29,17.97,17.92,18.61,17.61,149314,262455060.12,5.48,-1.86,-0.34,9.66,002957
2022-08-01,17.66,17.98,18.26,17.66,83214,145838871.68,3.35,0.33,0.06,2.03,002957
2022-08-02,17.62,17.97,18.31,17.27,92068,160383527.18,5.78,-0.06,-0.01,2.24,002957
2022-08-03,17.93,17.27,18.25,17.14,93153,160596634.52,6.18,-3.9,-0.7,2.27,002957
2022-08-04,17.51,17.24,17.54,16.86,52391,87251496.8,3.94,-0.17,-0.03,1.28,002957
2022-08-05,17.26,17.24,17.63,16.89,40654,67779388.37,4.29,0.0,0.0,0.99,002957
2022-08-08,17.22,17.84,17.85,17.0,51886,88818499.84,4.93,3.48,0.6,1.26,002957
2022-08-09,17.66,17.99,18.05,17.64,48473,84406754.0,2.3,0.84,0.15,1.18,002957
2022-08-10,17.84,19.74,19.74,17.84,132201,244949237.89,10.56,9.73,1.75,3.22,002957
2022-08-11,20.46,21.67,21.67,20.26,229315,468952919.23,7.14,9.78,1.93,5.58,002957
2022-08-12,23.79,21.56,23.79,21.46,383921,876304803.93,10.75,-0.51,-0.11,9.35,002957
2022-08-15,21.18,20.16,21.18,19.92,320472,635182722.36,5.84,-6.49,-1.4,7.8,002957
2022-08-16,20.16,20.41,20.67,20.04,214265,425560366.96,3.13,1.24,0.25,5.22,002957
2022-08-17,20.3,21.7,22.41,19.86,344040,724990453.85,12.49,6.32,1.29,8.38,002957
2022-08-18,19.58,21.21,21.94,19.58,309219,632425011.07,10.88,-2.26,-0.49,7.53,002957
2022-08-19,21.97,22.47,23.29,21.57,349852,780764176.6,8.11,5.94,1.26,8.52,002957
2022-08-22,22.96,21.15,23.15,20.87,322040,684443710.04,10.15,-5.87,-1.32,7.84,002957
2022-08-23,20.92,23.22,23.22,20.92,121798,271033823.24,10.87,9.79,2.07,2.97,002957
2022-08-24,23.53,21.94,24.43,21.46,359074,793509465.31,12.79,-5.51,-1.28,8.74,002957
2022-08-25,22.46,20.14,22.79,19.87,229709,465929763.52,13.31,-8.2,-1.8,5.59,002957
2022-08-26,20.46,19.77,21.24,19.7,160927,321098925.73,7.65,-1.84,-0.37,3.92,002957
2022-08-29,19.24,20.6,21.02,19.24,172039,339700164.78,9.0,4.2,0.83,4.19,002957
2022-08-30,20.59,20.3,21.11,20.11,96492,192870954.8,4.85,-1.46,-0.3,2.35,002957
2022-08-31,20.32,18.83,20.32,18.81,115970,218877521.15,7.44,-7.24,-1.47,2.82,002957
2022-09-01,18.86,18.35,19.02,18.21,82028,148123549.09,4.3,-2.55,-0.48,2.0,002957
2022-09-02,18.59,19.34,19.53,18.26,98550,183490053.75,6.92,5.4,0.99,2.4,002957
2022-09-05,19.36,19.28,19.65,19.02,59459,111855739.48,3.26,-0.31,-0.06,1.45,002957
2022-09-06,19.26,19.62,19.72,18.74,67300,126613848.0,5.08,1.76,0.34,1.64,002957
2022-09-07,19.52,19.87,20.19,19.36,85876,166207959.7,4.23,1.27,0.25,2.09,002957
2022-09-08,19.66,19.16,20.03,19.07,67539,128324583.54,4.83,-3.57,-0.71,1.64,002957
2022-09-09,19.02,18.7,19.44,18.47,65209,119151139.01,5.06,-2.4,-0.46,1.59,002957
2022-09-13,18.79,18.7,19.16,18.6,52087,95404513.36,2.99,0.0,0.0,1.27,002957
2022-09-14,18.28,18.19,18.73,18.05,52198,93004359.88,3.64,-2.73,-0.51,1.27,002957
2022-09-15,18.32,17.06,18.35,16.81,89039,148968261.4,8.47,-6.21,-1.13,2.17,002957
2022-09-16,17.01,16.99,17.76,16.86,49857,83449806.15,5.28,-0.41,-0.07,1.21,002957
2022-09-19,17.08,16.67,17.28,16.52,43338,70935992.26,4.47,-1.88,-0.32,1.06,002957
2022-09-20,16.89,17.22,18.29,16.77,120941,205716909.14,9.12,3.3,0.55,2.94,002957
2022-09-21,17.55,16.91,17.55,16.53,84063,137924065.9,5.92,-1.8,-0.31,2.05,002957
2022-09-22,16.64,16.99,17.37,16.62,55034,91207937.6,4.44,0.47,0.08,1.34,002957
2022-09-23,16.85,16.23,17.15,16.06,63279,100957896.78,6.42,-4.47,-0.76,1.54,002957
2022-09-26,16.21,16.21,16.54,15.92,43590,68757499.0,3.82,-0.12,-0.02,1.06,002957
2022-09-27,16.4,16.56,16.61,16.16,46827,74668629.51,2.78,2.16,0.35,1.14,002957
2022-09-28,16.46,15.79,16.61,15.77,38819,60640589.52,5.07,-4.65,-0.77,0.95,002957
2022-09-29,15.86,15.7,16.09,15.66,26506,40717254.97,2.72,-0.57,-0.09,0.65,002957
2022-09-30,15.7,15.21,15.81,15.21,32071,48163343.75,3.82,-3.12,-0.49,0.78,002957
2022-10-10,15.25,14.82,15.5,14.71,35067,51018257.24,5.19,-2.56,-0.39,0.85,002957
2022-10-11,14.95,14.91,15.06,14.64,27343,39382520.5,2.83,0.61,0.09,0.67,002957
2022-10-12,14.84,15.72,15.73,14.76,47353,69874496.35,6.51,5.43,0.81,1.15,002957
2022-10-13,15.66,15.9,16.16,15.44,38797,59956908.12,4.58,1.15,0.18,0.94,002957
2022-10-14,15.97,16.21,16.28,15.91,29064,45619896.0,2.33,1.95,0.31,0.71,002957
2022-10-17,16.05,16.64,16.65,16.04,33661,53879558.0,3.76,2.65,0.43,0.82,002957
2022-10-18,16.81,16.73,17.02,16.39,36465,59263944.25,3.79,0.54,0.09,0.89,002957
2022-10-19,16.73,16.8,16.94,16.52,40805,66646232.65,2.51,0.42,0.07,0.99,002957
2022-10-20,16.58,16.78,17.06,16.42,33822,55139879.0,3.81,-0.12,-0.02,0.82,002957
2022-10-21,16.74,16.85,17.09,16.61,38100,62552569.0,2.86,0.42,0.07,0.93,002957
2022-10-24,16.86,17.11,17.72,16.76,75411,126833710.84,5.7,1.54,0.26,1.84,002957
2022-10-25,17.06,17.23,17.46,16.76,62469,104262643.66,4.09,0.7,0.12,1.52,002957
2022-10-26,17.31,17.67,17.86,17.07,58335,99682460.76,4.59,2.55,0.44,1.42,002957
2022-10-27,17.85,17.15,18.01,17.11,55112,93608791.16,5.09,-2.94,-0.52,1.34,002957
2022-10-28,17.64,17.31,18.34,17.12,126435,216074250.25,7.11,0.93,0.16,3.08,002957
2022-10-31,17.05,17.29,17.63,17.04,71390,120792948.63,3.41,-0.12,-0.02,1.74,002957
2022-11-01,17.31,17.73,17.83,17.2,73977,126563353.8,3.64,2.54,0.44,1.8,002957
2022-11-02,18.91,18.58,19.43,18.06,192083,349428656.79,7.73,4.79,0.85,4.68,002957
2022-11-03,18.47,18.29,18.54,18.07,108192,192864932.3,2.53,-1.56,-0.29,2.63,002957
2022-11-04,18.2,18.38,18.44,18.02,76167,135715612.12,2.3,0.49,0.09,1.85,002957
2022-11-07,18.39,18.26,18.53,17.91,65395,116222527.0,3.37,-0.65,-0.12,1.59,002957
2022-11-08,18.26,18.02,18.31,17.85,47047,82454485.26,2.52,-1.31,-0.24,1.15,002957
2022-11-09,17.92,18.1,18.3,17.74,48483,85357011.85,3.11,0.44,0.08,1.18,002957
2022-11-10,17.8,17.26,18.1,17.26,73018,124712437.51,4.64,-4.64,-0.84,1.78,002957
2022-11-11,17.54,17.06,17.8,17.0,72935,123412785.83,4.63,-1.16,-0.2,1.78,002957
2022-11-14,17.06,16.72,17.25,16.69,48138,79256809.28,3.28,-1.99,-0.34,1.17,002957
2022-11-15,16.61,17.68,17.73,16.55,69878,117905748.04,7.06,5.74,0.96,1.7,002957
2022-11-16,17.73,17.88,17.9,17.32,67344,115948977.09,3.28,1.13,0.2,1.64,002957
2022-11-17,17.84,17.59,17.85,17.29,56423,95926342.74,3.13,-1.62,-0.29,1.37,002957
2022-11-18,17.59,17.43,17.89,17.42,51912,89430271.01,2.67,-0.91,-0.16,1.26,002957
2022-11-21,17.28,17.48,17.58,17.23,38283,64935598.84,2.01,0.29,0.05,0.93,002957
2022-11-22,17.48,17.07,17.5,16.96,41333,69333526.05,3.09,-2.35,-0.41,1.01,002957
2022-11-23,16.99,17.06,17.16,16.46,45851,75182014.02,4.1,-0.06,-0.01,1.12,002957
2022-11-24,16.92,17.05,17.27,16.88,21959,36500634.65,2.29,-0.06,-0.01,0.53,002957
2022-11-25,17.09,16.57,17.13,16.57,27999,45495384.52,3.28,-2.82,-0.48,0.68,002957
2022-11-28,16.36,16.29,16.4,16.09,33925,53570492.0,1.87,-1.69,-0.28,0.83,002957
2022-11-29,16.35,16.46,16.54,16.24,31339,50060544.99,1.84,1.04,0.17,0.76,002957
2022-11-30,16.47,16.38,16.56,16.23,28385,45295665.03,2.0,-0.49,-0.08,0.69,002957
2022-12-01,16.52,16.5,16.84,16.46,35674,57772540.78,2.32,0.73,0.12,0.87,002957
2022-12-02,16.41,16.65,16.73,16.26,24188,39076443.0,2.85,0.91,0.15,0.59,002957
2022-12-05,16.74,16.52,16.81,16.4,36417,58412038.98,2.46,-0.78,-0.13,0.89,002957
2022-12-06,16.53,16.57,16.69,16.28,29953,48048624.0,2.48,0.3,0.05,0.73,002957
2022-12-07,16.48,16.41,16.78,16.36,32616,52465194.51,2.53,-0.97,-0.16,0.79,002957
2022-12-08,16.36,16.27,16.53,16.25,23514,37310428.75,1.71,-0.85,-0.14,0.57,002957
2022-12-09,16.28,16.17,16.41,16.15,22884,36129059.03,1.6,-0.61,-0.1,0.56,002957
2022-12-12,16.12,16.44,16.44,16.11,36302,57586084.58,2.04,1.67,0.27,0.88,002957
2022-12-13,16.39,15.98,16.39,15.91,31219,48899686.54,2.92,-2.8,-0.46,0.76,002957
2022-12-14,15.98,15.96,16.26,15.93,24109,37662560.03,2.07,-0.13,-0.02,0.59,002957
2022-12-15,15.96,16.23,16.26,15.83,23975,37637010.26,2.69,1.69,0.27,0.58,002957
2022-12-16,16.16,15.83,16.24,15.82,25684,39841413.0,2.59,-2.46,-0.4,0.63,002957
2022-12-19,15.84,15.51,15.96,15.48,27557,41730457.0,3.03,-2.02,-0.32,0.67,002957
2022-12-20,15.61,15.77,15.99,15.53,36540,55961840.46,2.97,1.68,0.26,0.89,002957
2022-12-21,15.76,15.38,15.94,15.3,29246,43982800.0,4.06,-2.47,-0.39,0.71,002957
2022-12-22,15.46,15.21,15.56,15.18,23614,35262487.49,2.47,-1.11,-0.17,0.57,002957
2022-12-23,15.08,15.07,15.24,14.91,16780,24515485.38,2.17,-0.92,-0.14,0.41,002957
2022-12-26,15.12,15.54,15.57,15.04,22919,34357833.97,3.52,3.12,0.47,0.56,002957
2022-12-27,15.61,15.66,15.68,15.39,20088,30298354.0,1.87,0.77,0.12,0.49,002957
2022-12-28,15.59,15.6,15.71,15.43,30036,45368767.24,1.79,-0.38,-0.06,0.73,002957
2022-12-29,15.51,15.59,15.82,15.51,20453,31035598.48,1.99,-0.06,-0.01,0.5,002957
2022-12-30,15.68,15.59,15.84,15.46,22307,33810344.63,2.44,0.0,0.0,0.54,002957
2023-01-03,15.51,16.01,16.1,15.46,34428,52932459.28,4.11,2.69,0.42,0.84,002957
2023-01-04,15.86,16.08,16.15,15.86,25285,39404805.17,1.81,0.44,0.07,0.62,002957
2023-01-05,16.15,16.24,16.32,15.97,31781,49927909.15,2.18,1.0,0.16,0.77,002957
2023-01-06,16.22,16.35,16.52,16.06,29381,46771460.9,2.83,0.68,0.11,0.72,002957
2023-01-09,16.32,16.47,16.56,16.24,26550,42407530.27,1.96,0.73,0.12,0.65,002957
2023-01-10,16.42,16.54,16.56,16.31,25017,40034900.59,1.52,0.43,0.07,0.61,002957
2023-01-11,16.56,18.15,18.15,16.26,119776,203794621.29,11.43,9.73,1.61,2.92,002957
2023-01-12,18.51,17.66,18.8,17.31,250998,433694050.04,8.21,-2.7,-0.49,6.11,002957
2023-01-13,17.49,17.38,17.59,17.16,136983,231418544.94,2.43,-1.59,-0.28,3.33,002957
2023-01-16,17.46,17.41,17.54,17.11,108223,182771549.7,2.47,0.17,0.03,2.63,002957
2023-01-17,17.3,17.36,17.4,17.12,81999,137621327.36,1.61,-0.29,-0.05,2.0,002957
2023-01-18,17.95,19.05,19.05,17.76,203730,369049680.71,7.43,9.74,1.69,4.96,002957
2023-01-19,19.45,18.52,19.45,18.16,254883,463581712.39,6.77,-2.78,-0.53,6.21,002957
2023-01-20,18.99,19.41,19.85,18.7,232072,437268880.75,6.21,4.81,0.89,5.65,002957
2023-01-30,19.54,19.58,19.97,19.17,201029,384189064.34,4.12,0.88,0.17,4.89,002957
2023-01-31,19.27,19.82,19.9,19.21,150801,288102279.55,3.52,1.23,0.24,3.67,002957
2023-02-01,19.56,19.63,19.71,19.35,135464,258165998.05,1.82,-0.96,-0.19,3.3,002957
2023-02-02,19.63,19.45,19.8,19.26,120006,229135686.44,2.75,-0.92,-0.18,2.92,002957
2023-02-03,19.48,19.58,19.96,19.3,120568,230450530.96,3.39,0.67,0.13,2.94,002957
2023-02-06,19.37,19.63,19.79,19.36,88392,169252892.21,2.2,0.26,0.05,2.15,002957
2023-02-07,19.61,20.01,20.22,19.49,158168,308516189.2,3.72,1.94,0.38,3.85,002957
2023-02-08,20.18,20.66,20.91,19.89,186320,375052306.42,5.1,3.25,0.65,4.54,002957
2023-02-09,20.21,20.45,20.51,19.89,120026,237660439.98,3.0,-1.02,-0.21,2.92,002957
2023-02-10,20.27,19.98,20.36,19.78,103000,201767771.6,2.84,-2.3,-0.47,2.51,002957
2023-02-13,19.67,20.18,20.35,19.67,94098,185399120.03,3.4,1.0,0.2,2.29,002957
2023-02-14,20.0,19.82,20.26,19.81,62332,121558679.13,2.23,-1.78,-0.36,1.52,002957
2023-02-15,19.81,20.06,20.21,19.81,72160,141327203.0,2.02,1.21,0.24,1.76,002957
2023-02-16,20.06,19.39,20.06,19.22,76021,146073173.99,4.19,-3.34,-0.67,1.85,002957
2023-02-17,19.45,19.31,19.63,19.22,48944,92885870.58,2.11,-0.41,-0.08,1.19,002957
2023-02-20,19.26,19.52,19.56,18.97,53966,101638499.76,3.06,1.09,0.21,1.31,002957
2023-02-21,19.52,19.86,19.97,19.41,51366,99282975.39,2.87,1.74,0.34,1.25,002957
2023-02-22,19.7,19.95,20.26,19.63,49851,97429515.71,3.17,0.45,0.09,1.21,002957
2023-02-23,20.07,19.96,20.24,19.85,40329,78896412.0,1.95,0.05,0.01,0.98,002957
2023-02-24,20.05,20.03,20.18,19.81,44810,87596903.57,1.85,0.35,0.07,1.09,002957
2023-02-27,20.02,20.03,20.16,19.89,40113,78503082.14,1.35,0.0,0.0,0.98,002957
2023-02-28,20.15,19.95,20.15,19.71,31521,61227991.26,2.2,-0.4,-0.08,0.77,002957
2023-03-01,20.08,20.23,20.35,19.91,44310,87179405.0,2.21,1.4,0.28,1.08,002957
2023-03-02,20.3,19.82,20.3,19.81,40056,78117058.0,2.42,-2.03,-0.41,0.98,002957
2023-03-03,19.76,19.72,19.96,19.59,35222,67983091.0,1.87,-0.5,-0.1,0.86,002957
2023-03-06,19.7,19.68,19.81,19.39,36705,70307367.96,2.13,-0.2,-0.04,0.89,002957
2023-03-07,19.76,19.12,19.76,19.12,32051,60617765.71,3.25,-2.85,-0.56,0.78,002957
2023-03-08,19.12,19.45,19.46,19.06,22822,42903772.48,2.09,1.73,0.33,0.56,002957
2023-03-09,19.47,19.36,19.74,19.32,24885,47425181.34,2.16,-0.46,-0.09,0.61,002957
2023-03-10,19.26,19.05,19.44,19.04,27535,51555122.0,2.07,-1.6,-0.31,0.67,002957
2023-03-13,18.98,19.14,19.29,18.98,26568,49580694.9,1.63,0.47,0.09,0.65,002957
2023-03-14,18.98,18.76,19.14,18.57,29484,53987036.5,2.98,-1.99,-0.38,0.72,002957
2023-03-15,18.97,18.93,19.42,18.9,27291,51055072.0,2.77,0.91,0.17,0.66,002957
2023-03-16,18.81,18.42,19.0,18.36,26991,48991441.96,3.38,-2.69,-0.51,0.66,002957
2023-03-17,18.61,18.62,18.8,18.55,27225,49593212.99,1.36,1.09,0.2,0.66,002957
2023-03-20,18.78,18.64,18.78,18.36,32440,58747351.64,2.26,0.11,0.02,0.79,002957
2023-03-21,18.63,19.0,19.0,18.49,25935,47506045.5,2.74,1.93,0.36,0.63,002957
2023-03-22,19.0,19.17,19.24,18.9,27474,51181511.0,1.79,0.89,0.17,0.67,002957
2023-03-23,19.13,19.55,19.6,19.08,43593,82719031.89,2.71,1.98,0.38,1.06,002957
2023-03-24,19.08,18.74,19.15,18.49,92224,169504764.14,3.38,-4.14,-0.81,2.25,002957
2023-03-27,18.84,19.7,19.81,18.75,107966,204571122.78,5.66,5.12,0.96,2.63,002957
2023-03-28,19.61,18.41,19.61,18.36,104410,192567057.5,6.35,-6.55,-1.29,2.54,002957
2023-03-29,18.47,19.21,20.21,18.47,194893,373733646.72,9.45,4.35,0.8,4.74,002957
2023-03-30,18.84,19.25,19.5,18.82,131654,246268613.83,3.54,0.21,0.04,3.21,002957
2023-03-31,19.31,19.27,19.75,19.1,88660,167143702.96,3.38,0.1,0.02,2.16,002957
2023-04-03,19.28,19.36,19.41,18.96,77122,144135950.2,2.34,0.47,0.09,1.88,002957
2023-04-04,18.88,18.17,18.88,17.96,132007,235364135.77,4.75,-6.15,-1.19,3.21,002957
2023-04-06,18.22,18.45,18.58,18.15,65362,117144451.02,2.37,1.54,0.28,1.59,002957
2023-04-07,18.36,18.79,18.92,18.24,69701,127033076.94,3.69,1.84,0.34,1.7,002957
2023-04-10,18.73,18.32,19.04,18.21,52825,95546509.64,4.42,-2.5,-0.47,1.29,002957
2023-04-11,18.21,17.75,18.31,17.7,63378,110253419.44,3.33,-3.11,-0.57,1.54,002957
2023-04-12,17.88,18.38,18.43,17.83,48663,86138548.8,3.38,3.55,0.63,1.18,002957
2023-04-13,18.43,17.72,18.44,17.71,46539,81198803.38,3.97,-3.59,-0.66,1.13,002957
2023-04-14,17.85,17.75,17.86,17.58,38572,66595455.26,1.58,0.17,0.03,0.94,002957
2023-04-17,17.84,17.75,18.13,17.66,38812,67525370.58,2.65,0.0,0.0,0.94,002957
2023-04-18,17.61,17.48,17.74,17.39,39370,67110058.92,1.97,-1.52,-0.27,0.96,002957
2023-04-19,17.62,17.58,17.83,17.5,38074,65346371.16,1.89,0.57,0.1,0.93,002957
2023-04-20,17.49,17.37,17.56,17.14,35697,60085895.8,2.39,-1.19,-0.21,0.87,002957
2023-04-21,17.29,16.79,17.5,16.73,42093,69839048.15,4.43,-3.34,-0.58,1.02,002957
2023-04-24,16.86,16.98,17.12,16.64,39690,65176986.85,2.86,1.13,0.19,0.97,002957
2023-04-25,16.91,16.47,17.04,16.16,45609,72978312.6,5.18,-3.0,-0.51,1.11,002957
2023-04-26,16.15,15.83,16.26,15.77,83963,130176976.02,2.98,-3.89,-0.64,2.04,002957
2023-04-27,15.77,15.88,16.05,15.63,53602,82673365.03,2.65,0.32,0.05,1.3,002957
2023-04-28,15.76,16.25,16.25,15.76,56702,88248331.74,3.09,2.33,0.37,1.38,002957
2023-05-04,16.2,15.85,16.2,15.7,51091,78806848.84,3.08,-2.46,-0.4,1.24,002957
2023-05-05,15.88,15.54,15.91,15.46,42643,64538104.61,2.84,-1.96,-0.31,1.04,002957
2023-05-08,15.59,15.61,15.84,15.42,52586,79491364.36,2.7,0.45,0.07,1.28,002957
2023-05-09,15.65,15.38,15.76,15.28,53038,79693810.47,3.07,-1.47,-0.23,1.29,002957
2023-05-10,15.43,15.55,15.61,15.29,32604,48916350.05,2.08,1.11,0.17,0.79,002957
2023-05-11,15.51,15.45,15.62,15.33,44852,67222744.46,1.86,-0.64,-0.1,1.09,002957
2023-05-12,15.38,15.25,15.44,15.21,26685,39567355.6,1.49,-1.29,-0.2,0.65,002957
2023-05-15,15.25,15.59,15.61,15.23,40371,60331613.19,2.49,2.23,0.34,0.98,002957
2023-05-16,15.6,15.53,15.84,15.46,58619,88821335.26,2.44,-0.38,-0.06,1.43,002957
2023-05-17,15.52,16.01,16.14,15.39,93121,143634372.47,4.83,3.09,0.48,2.27,002957
2023-05-18,16.06,17.47,17.57,16.01,307784,508498392.22,9.74,9.12,1.46,7.49,002957
2023-05-19,16.95,19.17,19.17,16.95,448038,808001504.01,12.71,9.73,1.7,10.91,002957
2023-05-22,18.86,18.72,19.07,18.4,265148,482207038.9,3.5,-2.35,-0.45,6.46,002957
2023-05-23,18.68,18.75,19.25,18.57,196847,363566331.56,3.63,0.16,0.03,4.79,002957
2023-05-24,19.03,18.84,19.34,18.49,220299,405568324.99,4.53,0.48,0.09,5.36,002957
2023-05-25,18.66,18.72,19.45,18.39,173160,317849829.0,5.63,-0.64,-0.12,4.22,002957
2023-05-26,18.61,19.05,19.23,18.16,152008,277353840.71,5.72,1.76,0.33,3.7,002957
2023-05-29,19.3,19.07,19.41,18.87,139738,260261412.43,2.83,0.1,0.02,3.4,002957
2023-05-30,19.03,19.05,19.16,18.74,90968,168233477.98,2.2,-0.1,-0.02,2.21,002957
2023-05-31,19.05,19.44,19.54,18.9,170037,319973611.67,3.36,2.05,0.39,4.14,002957
2023-06-01,19.64,19.61,19.91,19.2,261918,499714150.69,3.65,0.87,0.17,6.38,002957
2023-06-02,19.56,19.14,20.81,19.06,197421,375046146.68,8.92,-2.4,-0.47,4.81,002957
2023-06-05,19.28,18.85,19.36,18.68,175391,323917849.68,3.55,-1.52,-0.29,4.27,002957
2023-06-06,18.57,17.2,18.64,17.17,226696,389825837.66,7.8,-8.75,-1.65,5.52,002957
2023-06-07,17.26,17.04,17.44,16.91,103308,172764283.15,3.08,-0.93,-0.16,2.52,002957
2023-06-08,17.06,16.82,17.56,16.77,92902,154215025.85,4.64,-1.29,-0.22,2.26,002957
2023-06-09,16.86,16.6,16.98,16.38,96834,156400901.38,3.57,-1.31,-0.22,2.36,002957
2023-06-12,16.66,18.21,18.21,16.54,131523,223292291.63,10.06,9.7,1.61,3.2,002957
2023-06-13,18.46,18.61,18.91,17.86,201697,361668469.6,5.77,2.2,0.4,4.91,002957
2023-06-14,18.61,18.34,18.61,18.18,82635,147864928.81,2.31,-1.45,-0.27,2.01,002957
2023-06-15,18.46,18.78,19.16,18.43,124857,228095178.84,3.98,2.4,0.44,3.04,002957
2023-06-16,18.77,18.78,18.9,18.52,98889,180295308.77,2.02,0.0,0.0,2.41,002957
2023-06-19,18.74,18.97,19.06,18.63,77123,141981739.17,2.29,1.01,0.19,1.88,002957
2023-06-20,18.99,19.56,19.85,18.71,122497,229661676.08,6.01,3.11,0.59,2.98,002957
2023-06-21,19.73,19.27,19.98,19.27,98816,186528822.35,3.63,-1.48,-0.29,2.41,002957
2023-06-26,19.28,18.8,19.67,18.68,82338,151252028.84,5.14,-2.44,-0.47,2.0,002957
2023-06-27,18.75,18.89,19.06,18.66,64992,118158089.64,2.13,0.48,0.09,1.58,002957
2023-06-28,18.81,18.75,18.86,18.2,71681,127885310.42,3.49,-0.74,-0.14,1.75,002957
2023-06-29,18.7,19.46,19.69,18.7,89128,166665992.63,5.28,3.79,0.71,2.17,002957
2023-06-30,19.68,20.97,21.2,19.51,227037,451479034.93,8.68,7.76,1.51,5.53,002957
2023-07-03,20.83,21.0,21.8,20.51,199093,406597667.15,6.15,0.14,0.03,4.85,002957
2023-07-04,21.0,20.82,21.39,20.74,125960,255814741.11,3.1,-0.86,-0.18,3.07,002957
2023-07-05,20.82,20.06,20.86,20.03,88882,174843385.23,3.99,-3.65,-0.76,2.16,002957
2023-07-06,20.01,19.7,20.09,19.64,86466,165661154.01,2.24,-1.79,-0.36,2.11,002957
2023-07-07,19.8,19.46,19.8,19.33,51181,96330831.36,2.39,-1.22,-0.24,1.25,002957
2023-07-10,19.64,18.83,19.68,18.78,93912,172077601.44,4.62,-3.24,-0.63,2.29,002957
2023-07-11,18.92,19.16,19.26,18.67,78148,142899905.36,3.13,1.75,0.33,1.91,002957
2023-07-12,19.08,18.39,19.15,18.29,80580,144499839.0,4.49,-4.02,-0.77,1.97,002957
2023-07-13,18.5,18.64,18.76,18.37,61912,110698219.73,2.12,1.36,0.25,1.51,002957
2023-07-14,18.6,18.68,18.82,18.42,56215,100981367.35,2.15,0.21,0.04,1.37,002957
2023-07-17,18.64,18.35,18.68,18.23,51340,90673866.78,2.41,-1.77,-0.33,1.25,002957
2023-07-18,18.35,18.41,18.9,18.19,64292,114650563.51,3.87,0.33,0.06,1.57,002957
2023-07-19,18.42,18.16,18.54,18.05,48534,84995894.27,2.66,-1.36,-0.25,1.18,002957
2023-07-20,18.25,17.8,18.32,17.69,57337,99183853.71,3.47,-1.98,-0.36,1.4,002957
2023-07-21,17.75,17.46,17.82,17.44,47203,79798530.84,2.13,-1.91,-0.34,1.15,002957
2023-07-24,17.6,17.45,17.72,17.32,33378,56060793.19,2.29,-0.06,-0.01,0.81,002957
2023-07-25,17.61,17.65,17.73,17.5,41530,70388394.0,1.32,1.15,0.2,1.01,002957
2023-07-26,17.64,16.98,17.64,16.93,66643,109319315.44,4.02,-3.8,-0.67,1.63,002957
2023-07-27,17.0,16.79,17.11,16.72,41004,66476492.8,2.3,-1.12,-0.19,1.0,002957
2023-07-28,16.79,16.89,16.97,16.62,39394,63574218.0,2.08,0.6,0.1,0.96,002957
2023-07-31,16.89,16.9,17.12,16.8,62754,101989485.76,1.89,0.06,0.01,1.53,002957
2023-08-01,16.92,16.89,16.94,16.55,54208,87081616.57,2.31,-0.06,-0.01,1.32,002957
2023-08-02,16.89,16.91,17.05,16.77,54272,88011162.0,1.66,0.12,0.02,1.32,002957
2023-08-03,16.89,17.14,17.27,16.86,103409,169719348.28,2.42,1.36,0.23,2.52,002957
2023-08-04,17.16,17.4,17.41,17.03,87274,144442022.46,2.22,1.52,0.26,2.13,002957
