date,close,code
2015-08-25,1.0,001487
2015-08-26,1.0,001487
2015-08-27,1.0,001487
2015-08-28,1.009,001487
2015-09-02,0.984,001487
2015-09-11,0.997,001487
2015-09-18,0.984,001487
2015-09-23,0.998,001487
2015-09-24,1.002,001487
2015-09-25,0.991,001487
2015-09-28,1.0,001487
2015-09-29,0.995,001487
2015-09-30,1.002,001487
2015-10-08,1.023,001487
2015-10-09,1.034,001487
2015-10-12,1.069,001487
2015-10-13,1.072,001487
2015-10-14,1.055,001487
2015-10-15,1.091,001487
2015-10-16,1.095,001487
2015-10-19,1.099,001487
2015-10-20,1.114,001487
2015-10-21,1.044,001487
2015-10-22,1.077,001487
2015-10-23,1.114,001487
2015-10-26,1.127,001487
2015-10-27,1.138,001487
2015-10-28,1.12,001487
2015-10-29,1.125,001487
2015-10-30,1.118,001487
2015-11-02,1.087,001487
2015-11-03,1.089,001487
2015-11-04,1.152,001487
2015-11-05,1.152,001487
2015-11-06,1.185,001487
2015-11-09,1.201,001487
2015-11-10,1.199,001487
2015-11-11,1.242,001487
2015-11-12,1.243,001487
2015-11-13,1.207,001487
2015-11-16,1.237,001487
2015-11-17,1.212,001487
2015-11-18,1.185,001487
2015-11-19,1.227,001487
2015-11-20,1.249,001487
2015-11-23,1.23,001487
2015-11-24,1.239,001487
2015-11-25,1.262,001487
2015-11-26,1.253,001487
2015-11-27,1.183,001487
2015-11-30,1.193,001487
2015-12-01,1.181,001487
2015-12-02,1.169,001487
2015-12-03,1.198,001487
2015-12-04,1.197,001487
2015-12-07,1.209,001487
2015-12-08,1.193,001487
2015-12-09,1.192,001487
2015-12-10,1.191,001487
2015-12-11,1.181,001487
2015-12-14,1.191,001487
2015-12-15,1.205,001487
2015-12-16,1.209,001487
2015-12-17,1.231,001487
2015-12-18,1.218,001487
2015-12-21,1.223,001487
2015-12-22,1.235,001487
2015-12-23,1.22,001487
2015-12-24,1.225,001487
2015-12-25,1.236,001487
2015-12-28,1.216,001487
2015-12-29,1.222,001487
2015-12-30,1.245,001487
2015-12-31,1.223,001487
2016-01-04,1.136,001487
2016-01-05,1.127,001487
2016-01-06,1.139,001487
2016-01-07,1.068,001487
2016-01-08,1.072,001487
2016-01-11,1.013,001487
2016-01-12,1.011,001487
2016-01-13,0.978,001487
2016-01-14,1.011,001487
2016-01-15,0.979,001487
2016-01-18,1.002,001487
2016-01-19,1.035,001487
2016-01-20,1.032,001487
2016-01-21,0.997,001487
2016-01-22,1.003,001487
2016-01-25,1.019,001487
2016-01-26,0.963,001487
2016-01-27,0.94,001487
2016-01-28,0.897,001487
2016-01-29,0.924,001487
2016-02-01,0.912,001487
2016-02-02,0.938,001487
2016-02-03,0.942,001487
2016-02-04,0.969,001487
2016-02-05,0.973,001487
2016-02-15,0.986,001487
2016-02-16,1.02,001487
2016-02-17,1.043,001487
2016-02-18,1.034,001487
2016-02-19,1.039,001487
2016-02-22,1.052,001487
2016-02-23,1.043,001487
2016-02-24,1.039,001487
2016-02-25,0.964,001487
2016-02-26,0.956,001487
2016-02-29,0.902,001487
2016-03-01,0.919,001487
2016-03-02,0.957,001487
2016-03-03,0.952,001487
2016-03-04,0.908,001487
2016-03-07,0.921,001487
2016-03-08,0.925,001487
2016-03-09,0.914,001487
2016-03-10,0.901,001487
2016-03-11,0.894,001487
2016-03-14,0.93,001487
2016-03-15,0.927,001487
2016-03-16,0.919,001487
2016-03-17,0.961,001487
2016-03-18,1.001,001487
2016-03-21,1.03,001487
2016-03-22,1.025,001487
2016-03-23,1.04,001487
2016-03-24,1.026,001487
2016-03-25,1.027,001487
2016-03-28,1.022,001487
2016-03-29,1.006,001487
2016-03-30,1.051,001487
2016-03-31,1.054,001487
2016-04-01,1.042,001487
2016-04-05,1.066,001487
2016-04-06,1.072,001487
2016-04-07,1.056,001487
2016-04-08,1.039,001487
2016-04-11,1.058,001487
2016-04-12,1.049,001487
2016-04-13,1.063,001487
2016-04-14,1.079,001487
2016-04-15,1.075,001487
2016-04-18,1.062,001487
2016-04-19,1.072,001487
2016-04-20,1.029,001487
2016-04-21,1.019,001487
2016-04-22,1.028,001487
2016-04-25,1.02,001487
2016-04-26,1.027,001487
2016-04-27,1.025,001487
2016-04-28,1.026,001487
2016-04-29,1.026,001487
2016-05-03,1.06,001487
2016-05-04,1.053,001487
2016-05-05,1.065,001487
2016-05-06,1.024,001487
2016-05-09,0.991,001487
2016-05-10,0.991,001487
2016-05-11,0.977,001487
2016-05-12,0.978,001487
2016-05-13,0.977,001487
2016-05-16,0.999,001487
2016-05-17,0.999,001487
2016-05-18,0.964,001487
2016-05-19,0.973,001487
2016-05-20,0.987,001487
2016-05-23,1.0,001487
2016-05-24,0.991,001487
2016-05-25,0.986,001487
2016-05-26,0.996,001487
2016-05-27,1.001,001487
2016-05-30,0.994,001487
2016-05-31,1.03,001487
2016-06-01,1.04,001487
2016-06-02,1.059,001487
2016-06-03,1.063,001487
2016-06-06,1.067,001487
2016-06-07,1.067,001487
2016-06-08,1.054,001487
2016-06-13,1.0,001487
2016-06-14,0.998,001487
2016-06-15,1.034,001487
2016-06-16,1.036,001487
2016-06-17,1.054,001487
2016-06-20,1.063,001487
2016-06-21,1.049,001487
2016-06-22,1.072,001487
2016-06-23,1.071,001487
2016-06-24,1.067,001487
2016-06-27,1.099,001487
2016-06-28,1.107,001487
2016-06-29,1.103,001487
2016-06-30,1.102,001487
2016-07-01,1.099,001487
2016-07-04,1.118,001487
2016-07-05,1.123,001487
2016-07-06,1.128,001487
2016-07-07,1.125,001487
2016-07-08,1.128,001487
2016-07-11,1.13,001487
2016-07-12,1.138,001487
2016-07-13,1.155,001487
2016-07-14,1.156,001487
2016-07-15,1.154,001487
2016-07-18,1.151,001487
2016-07-19,1.159,001487
2016-07-20,1.157,001487
2016-07-21,1.165,001487
2016-07-22,1.16,001487
2016-07-25,1.155,001487
2016-07-26,1.167,001487
2016-07-27,1.122,001487
2016-07-28,1.119,001487
2016-07-29,1.114,001487
2016-08-01,1.084,001487
2016-08-02,1.093,001487
2016-08-03,1.099,001487
2016-08-04,1.105,001487
2016-08-05,1.1,001487
2016-08-08,1.114,001487
2016-08-09,1.121,001487
2016-08-10,1.117,001487
2016-08-11,1.102,001487
2016-08-12,1.107,001487
2016-08-15,1.134,001487
2016-08-16,1.139,001487
2016-08-17,1.141,001487
2016-08-18,1.146,001487
2016-08-19,1.143,001487
2016-08-22,1.127,001487
2016-08-23,1.133,001487
2016-08-24,1.134,001487
2016-08-25,1.13,001487
2016-08-26,1.132,001487
2016-08-29,1.136,001487
2016-08-30,1.14,001487
2016-08-31,1.136,001487
2016-09-01,1.128,001487
2016-09-02,1.121,001487
2016-09-05,1.129,001487
2016-09-06,1.145,001487
2016-09-07,1.139,001487
2016-09-08,1.144,001487
2016-09-09,1.14,001487
2016-09-12,1.111,001487
2016-09-13,1.124,001487
2016-09-14,1.115,001487
2016-09-19,1.133,001487
2016-09-20,1.132,001487
2016-09-21,1.137,001487
2016-09-22,1.15,001487
2016-09-23,1.149,001487
2016-09-26,1.125,001487
2016-09-27,1.133,001487
2016-09-28,1.128,001487
2016-09-29,1.131,001487
2016-09-30,1.141,001487
2016-10-10,1.161,001487
2016-10-11,1.171,001487
2016-10-12,1.171,001487
2016-10-13,1.165,001487
2016-10-14,1.161,001487
2016-10-17,1.149,001487
2016-10-18,1.163,001487
2016-10-19,1.16,001487
2016-10-20,1.163,001487
2016-10-21,1.154,001487
2016-10-24,1.16,001487
2016-10-25,1.16,001487
2016-10-26,1.157,001487
2016-10-27,1.153,001487
2016-10-28,1.142,001487
2016-10-31,1.141,001487
2016-11-01,1.151,001487
2016-11-02,1.141,001487
2016-11-03,1.14,001487
2016-11-04,1.136,001487
2016-11-07,1.133,001487
2016-11-08,1.139,001487
2016-11-09,1.129,001487
2016-11-10,1.14,001487
2016-11-11,1.138,001487
2016-11-14,1.138,001487
2016-11-15,1.145,001487
2016-11-16,1.146,001487
2016-11-17,1.136,001487
2016-11-18,1.13,001487
2016-11-21,1.129,001487
2016-11-22,1.138,001487
2016-11-23,1.143,001487
2016-11-24,1.137,001487
2016-11-25,1.143,001487
2016-11-28,1.144,001487
2016-11-29,1.136,001487
2016-11-30,1.143,001487
2016-12-01,1.146,001487
2016-12-02,1.131,001487
2016-12-05,1.121,001487
2016-12-06,1.121,001487
2016-12-07,1.13,001487
2016-12-08,1.125,001487
2016-12-09,1.121,001487
2016-12-12,1.073,001487
2016-12-13,1.075,001487
2016-12-14,1.058,001487
2016-12-15,1.063,001487
2016-12-16,1.072,001487
2016-12-19,1.069,001487
2016-12-20,1.068,001487
2016-12-21,1.072,001487
2016-12-22,1.07,001487
2016-12-23,1.064,001487
2016-12-26,1.069,001487
2016-12-27,1.067,001487
2016-12-28,1.065,001487
2016-12-29,1.063,001487
2016-12-30,1.064,001487
2016-12-31,1.063,001487
2017-01-03,1.067,001487
2017-01-04,1.075,001487
2017-01-05,1.075,001487
2017-01-06,1.067,001487
2017-01-09,1.061,001487
2017-01-10,1.056,001487
2017-01-11,1.05,001487
2017-01-12,1.04,001487
2017-01-13,1.036,001487
2017-01-16,1.008,001487
2017-01-17,1.014,001487
2017-01-18,1.01,001487
2017-01-19,1.007,001487
2017-01-20,1.019,001487
2017-01-23,1.03,001487
2017-01-24,1.025,001487
2017-01-25,1.024,001487
2017-01-26,1.029,001487
2017-02-03,1.026,001487
2017-02-06,1.03,001487
2017-02-07,1.036,001487
2017-02-08,1.038,001487
2017-02-09,1.04,001487
2017-02-10,1.038,001487
2017-02-13,1.044,001487
2017-02-14,1.042,001487
2017-02-15,1.038,001487
2017-02-16,1.04,001487
2017-02-17,1.032,001487
2017-02-20,1.037,001487
2017-02-21,1.045,001487
2017-02-22,1.052,001487
2017-02-23,1.049,001487
2017-02-24,1.05,001487
2017-02-27,1.039,001487
2017-02-28,1.039,001487
2017-03-01,1.041,001487
2017-03-02,1.041,001487
2017-03-03,1.047,001487
2017-03-06,1.053,001487
2017-03-07,1.05,001487
2017-03-08,1.055,001487
2017-03-09,1.054,001487
2017-03-10,1.061,001487
2017-03-13,1.069,001487
2017-03-14,1.069,001487
2017-03-15,1.074,001487
2017-03-16,1.079,001487
2017-03-17,1.068,001487
2017-03-20,1.066,001487
2017-03-21,1.077,001487
2017-03-22,1.081,001487
2017-03-23,1.078,001487
2017-03-24,1.086,001487
2017-03-27,1.079,001487
2017-03-28,1.066,001487
2017-03-29,1.063,001487
2017-03-30,1.059,001487
2017-03-31,1.078,001487
2017-04-05,1.08,001487
2017-04-06,1.086,001487
2017-04-07,1.087,001487
2017-04-10,1.089,001487
2017-04-11,1.084,001487
2017-04-12,1.096,001487
2017-04-13,1.101,001487
2017-04-14,1.09,001487
2017-04-17,1.094,001487
2017-04-18,1.115,001487
2017-04-19,1.111,001487
2017-04-20,1.12,001487
2017-04-21,1.107,001487
2017-04-24,1.086,001487
2017-04-25,1.102,001487
2017-04-26,1.092,001487
2017-04-27,1.1,001487
2017-04-28,1.097,001487
2017-05-02,1.103,001487
2017-05-03,1.103,001487
2017-05-04,1.101,001487
2017-05-05,1.089,001487
2017-05-08,1.069,001487
2017-05-09,1.068,001487
2017-05-10,1.067,001487
2017-05-11,1.084,001487
2017-05-12,1.084,001487
2017-05-15,1.094,001487
2017-05-16,1.109,001487
2017-05-17,1.094,001487
2017-05-18,1.084,001487
2017-05-19,1.09,001487
2017-05-22,1.094,001487
2017-05-23,1.092,001487
2017-05-24,1.086,001487
2017-05-25,1.086,001487
2017-05-26,1.085,001487
2017-05-31,1.083,001487
2017-06-01,1.089,001487
2017-06-02,1.089,001487
2017-06-05,1.09,001487
2017-06-06,1.108,001487
2017-06-07,1.13,001487
2017-06-08,1.141,001487
2017-06-09,1.142,001487
2017-06-12,1.147,001487
2017-06-13,1.149,001487
2017-06-14,1.135,001487
2017-06-15,1.131,001487
2017-06-16,1.128,001487
2017-06-19,1.141,001487
2017-06-20,1.14,001487
2017-06-21,1.166,001487
2017-06-22,1.156,001487
2017-06-23,1.173,001487
2017-06-26,1.191,001487
2017-06-27,1.189,001487
2017-06-28,1.167,001487
2017-06-29,1.168,001487
2017-06-30,1.179,001487
2017-07-03,1.159,001487
2017-07-04,1.141,001487
2017-07-05,1.157,001487
2017-07-06,1.148,001487
2017-07-07,1.138,001487
2017-07-10,1.144,001487
2017-07-11,1.163,001487
2017-07-12,1.155,001487
2017-07-13,1.154,001487
2017-07-14,1.153,001487
2017-07-17,1.135,001487
2017-07-18,1.125,001487
2017-07-19,1.141,001487
2017-07-20,1.156,001487
2017-07-21,1.16,001487
2017-07-24,1.174,001487
2017-07-25,1.172,001487
2017-07-26,1.159,001487
2017-07-27,1.151,001487
2017-07-28,1.163,001487
2017-07-31,1.164,001487
2017-08-01,1.161,001487
2017-08-02,1.156,001487
2017-08-03,1.145,001487
2017-08-04,1.131,001487
2017-08-07,1.149,001487
2017-08-08,1.145,001487
2017-08-09,1.165,001487
2017-08-10,1.167,001487
2017-08-11,1.146,001487
2017-08-14,1.167,001487
2017-08-15,1.173,001487
2017-08-16,1.165,001487
2017-08-17,1.164,001487
2017-08-18,1.159,001487
2017-08-21,1.162,001487
2017-08-22,1.16,001487
2017-08-23,1.156,001487
2017-08-24,1.15,001487
2017-08-25,1.161,001487
2017-08-28,1.169,001487
2017-08-29,1.172,001487
2017-08-30,1.181,001487
2017-08-31,1.18,001487
2017-09-01,1.184,001487
2017-09-04,1.196,001487
2017-09-05,1.206,001487
2017-09-06,1.201,001487
2017-09-07,1.191,001487
2017-09-08,1.188,001487
2017-09-11,1.189,001487
2017-09-12,1.192,001487
2017-09-13,1.196,001487
2017-09-14,1.201,001487
2017-09-15,1.208,001487
2017-09-18,1.225,001487
2017-09-19,1.219,001487
2017-09-20,1.231,001487
2017-09-21,1.225,001487
2017-09-22,1.232,001487
2017-09-25,1.223,001487
2017-09-26,1.222,001487
2017-09-27,1.237,001487
2017-09-28,1.24,001487
2017-09-29,1.259,001487
2017-10-09,1.275,001487
2017-10-10,1.277,001487
2017-10-11,1.283,001487
2017-10-12,1.294,001487
2017-10-13,1.3,001487
2017-10-16,1.285,001487
2017-10-17,1.299,001487
2017-10-18,1.308,001487
2017-10-19,1.299,001487
2017-10-20,1.3,001487
2017-10-23,1.307,001487
2017-10-24,1.304,001487
2017-10-25,1.319,001487
2017-10-26,1.326,001487
2017-10-27,1.335,001487
2017-10-30,1.336,001487
2017-10-31,1.332,001487
2017-11-01,1.318,001487
2017-11-02,1.304,001487
2017-11-03,1.291,001487
2017-11-06,1.319,001487
2017-11-07,1.336,001487
2017-11-08,1.326,001487
2017-11-09,1.341,001487
2017-11-10,1.384,001487
2017-11-13,1.389,001487
2017-11-14,1.365,001487
2017-11-15,1.357,001487
2017-11-16,1.372,001487
2017-11-17,1.354,001487
2017-11-20,1.37,001487
2017-11-21,1.389,001487
2017-11-22,1.369,001487
2017-11-23,1.319,001487
2017-11-24,1.311,001487
2017-11-27,1.291,001487
2017-11-28,1.306,001487
2017-11-29,1.302,001487
2017-11-30,1.28,001487
2017-12-01,1.279,001487
2017-12-04,1.3,001487
2017-12-05,1.298,001487
2017-12-06,1.298,001487
2017-12-07,1.281,001487
2017-12-08,1.304,001487
2017-12-11,1.338,001487
2017-12-12,1.32,001487
2017-12-13,1.343,001487
2017-12-14,1.333,001487
2017-12-15,1.326,001487
2017-12-18,1.322,001487
2017-12-19,1.336,001487
2017-12-20,1.344,001487
2017-12-21,1.358,001487
2017-12-22,1.354,001487
2017-12-25,1.348,001487
2017-12-26,1.351,001487
2017-12-27,1.32,001487
2017-12-28,1.331,001487
2017-12-29,1.333,001487
2017-12-31,1.333,001487
2018-01-02,1.346,001487
2018-01-03,1.359,001487
2018-01-04,1.363,001487
2018-01-05,1.361,001487
2018-01-08,1.37,001487
2018-01-09,1.394,001487
2018-01-10,1.385,001487
2018-01-11,1.381,001487
2018-01-12,1.391,001487
2018-01-15,1.385,001487
2018-01-16,1.39,001487
2018-01-17,1.376,001487
2018-01-18,1.378,001487
2018-01-19,1.368,001487
2018-01-22,1.412,001487
2018-01-23,1.417,001487
2018-01-24,1.411,001487
2018-01-25,1.407,001487
2018-01-26,1.409,001487
2018-01-29,1.38,001487
2018-01-30,1.38,001487
2018-01-31,1.387,001487
2018-02-01,1.372,001487
2018-02-02,1.38,001487
2018-02-05,1.364,001487
2018-02-06,1.323,001487
2018-02-07,1.288,001487
2018-02-08,1.303,001487
2018-02-09,1.27,001487
2018-02-12,1.308,001487
2018-02-13,1.32,001487
2018-02-14,1.332,001487
2018-02-22,1.37,001487
2018-02-23,1.364,001487
2018-02-26,1.378,001487
2018-02-27,1.356,001487
2018-02-28,1.355,001487
2018-03-01,1.36,001487
2018-03-02,1.347,001487
2018-03-05,1.344,001487
2018-03-06,1.351,001487
2018-03-07,1.339,001487
2018-03-08,1.355,001487
2018-03-09,1.371,001487
2018-03-12,1.383,001487
2018-03-13,1.372,001487
2018-03-14,1.354,001487
2018-03-15,1.368,001487
2018-03-16,1.359,001487
2018-03-19,1.353,001487
2018-03-20,1.353,001487
2018-03-21,1.345,001487
2018-03-22,1.318,001487
2018-03-23,1.278,001487
2018-03-26,1.273,001487
2018-03-27,1.283,001487
2018-03-28,1.248,001487
2018-03-29,1.268,001487
2018-03-30,1.275,001487
2018-04-02,1.273,001487
2018-04-03,1.284,001487
2018-04-04,1.291,001487
2018-04-09,1.263,001487
2018-04-10,1.285,001487
2018-04-11,1.305,001487
2018-04-12,1.287,001487
2018-04-13,1.281,001487
2018-04-16,1.261,001487
2018-04-17,1.244,001487
2018-04-18,1.239,001487
2018-04-19,1.26,001487
2018-04-20,1.238,001487
2018-04-23,1.249,001487
2018-04-24,1.273,001487
2018-04-25,1.276,001487
2018-04-26,1.251,001487
2018-04-27,1.236,001487
2018-05-02,1.239,001487
2018-05-03,1.264,001487
2018-05-04,1.263,001487
2018-05-07,1.281,001487
2018-05-08,1.295,001487
2018-05-09,1.292,001487
2018-05-10,1.29,001487
2018-05-11,1.287,001487
2018-05-14,1.308,001487
2018-05-15,1.314,001487
2018-05-16,1.307,001487
2018-05-17,1.287,001487
2018-05-18,1.295,001487
2018-05-21,1.295,001487
2018-05-22,1.293,001487
2018-05-23,1.276,001487
2018-05-24,1.264,001487
2018-05-25,1.265,001487
2018-05-28,1.285,001487
2018-05-29,1.279,001487
2018-05-30,1.262,001487
2018-05-31,1.294,001487
2018-06-01,1.28,001487
2018-06-04,1.299,001487
2018-06-05,1.317,001487
2018-06-06,1.326,001487
2018-06-07,1.314,001487
2018-06-08,1.304,001487
2018-06-11,1.308,001487
2018-06-12,1.329,001487
2018-06-13,1.322,001487
2018-06-14,1.312,001487
2018-06-15,1.308,001487
2018-06-19,1.273,001487
2018-06-20,1.274,001487
2018-06-21,1.26,001487
2018-06-22,1.265,001487
2018-06-25,1.231,001487
2018-06-26,1.218,001487
2018-06-27,1.192,001487
2018-06-28,1.173,001487
2018-06-29,1.213,001487
2018-06-30,1.213,001487
2018-07-02,1.183,001487
2018-07-03,1.159,001487
2018-07-04,1.139,001487
2018-07-05,1.138,001487
2018-07-06,1.148,001487
2018-07-09,1.178,001487
2018-07-10,1.188,001487
2018-07-11,1.172,001487
2018-07-12,1.19,001487
2018-07-13,1.198,001487
2018-07-16,1.191,001487
2018-07-17,1.186,001487
2018-07-18,1.173,001487
2018-07-19,1.166,001487
2018-07-20,1.17,001487
2018-07-23,1.184,001487
2018-07-24,1.198,001487
2018-07-25,1.194,001487
2018-07-26,1.184,001487
2018-07-27,1.172,001487
2018-07-30,1.161,001487
2018-07-31,1.163,001487
2018-08-01,1.141,001487
2018-08-02,1.114,001487
2018-08-03,1.097,001487
2018-08-06,1.078,001487
2018-08-07,1.107,001487
2018-08-08,1.09,001487
2018-08-09,1.123,001487
2018-08-10,1.129,001487
2018-08-13,1.122,001487
2018-08-14,1.11,001487
2018-08-15,1.086,001487
2018-08-16,1.083,001487
2018-08-17,1.064,001487
2018-08-20,1.069,001487
2018-08-21,1.1,001487
2018-08-22,1.097,001487
2018-08-23,1.101,001487
2018-08-24,1.101,001487
2018-08-27,1.128,001487
2018-08-28,1.137,001487
2018-08-29,1.13,001487
2018-08-30,1.118,001487
2018-08-31,1.107,001487
2018-09-03,1.096,001487
2018-09-04,1.104,001487
2018-09-05,1.082,001487
2018-09-06,1.068,001487
2018-09-07,1.077,001487
2018-09-10,1.067,001487
2018-09-11,1.069,001487
2018-09-12,1.056,001487
2018-09-13,1.068,001487
2018-09-14,1.068,001487
2018-09-17,1.056,001487
2018-09-18,1.072,001487
2018-09-19,1.096,001487
2018-09-20,1.096,001487
2018-09-21,1.138,001487
2018-09-25,1.126,001487
2018-09-26,1.14,001487
2018-09-27,1.132,001487
2018-09-28,1.137,001487
2018-10-08,1.085,001487
2018-10-09,1.088,001487
2018-10-10,1.082,001487
2018-10-11,1.044,001487
2018-10-12,1.07,001487
2018-10-15,1.057,001487
2018-10-16,1.047,001487
2018-10-17,1.051,001487
2018-10-18,1.028,001487
2018-10-19,1.055,001487
2018-10-22,1.089,001487
2018-10-23,1.058,001487
2018-10-24,1.056,001487
2018-10-25,1.056,001487
2018-10-26,1.044,001487
2018-10-29,0.996,001487
2018-10-30,1.007,001487
2018-10-31,1.027,001487
2018-11-01,1.037,001487
2018-11-02,1.066,001487
2018-11-05,1.054,001487
2018-11-06,1.052,001487
2018-11-07,1.055,001487
2018-11-08,1.058,001487
2018-11-09,1.047,001487
2018-11-12,1.051,001487
2018-11-13,1.065,001487
2018-11-14,1.058,001487
2018-11-15,1.062,001487
2018-11-16,1.07,001487
2018-11-19,1.082,001487
2018-11-20,1.066,001487
2018-11-21,1.073,001487
2018-11-22,1.065,001487
2018-11-23,1.052,001487
2018-11-26,1.049,001487
2018-11-27,1.045,001487
2018-11-28,1.06,001487
2018-11-29,1.052,001487
2018-11-30,1.064,001487
2018-12-03,1.088,001487
2018-12-04,1.086,001487
2018-12-05,1.09,001487
2018-12-06,1.074,001487
2018-12-07,1.073,001487
2018-12-10,1.063,001487
2018-12-11,1.068,001487
2018-12-12,1.075,001487
2018-12-13,1.097,001487
2018-12-14,1.081,001487
2018-12-17,1.076,001487
2018-12-18,1.062,001487
2018-12-19,1.047,001487
2018-12-20,1.048,001487
2018-12-21,1.034,001487
2018-12-24,1.04,001487
2018-12-25,1.038,001487
2018-12-26,1.034,001487
2018-12-27,1.029,001487
2018-12-28,1.039,001487
2018-12-31,1.038,001487
2019-01-02,1.035,001487
2019-01-03,1.028,001487
2019-01-04,1.048,001487
2019-01-07,1.058,001487
2019-01-08,1.053,001487
2019-01-09,1.064,001487
2019-01-10,1.064,001487
2019-01-11,1.073,001487
2019-01-14,1.065,001487
2019-01-15,1.084,001487
2019-01-16,1.092,001487
2019-01-17,1.089,001487
2019-01-18,1.114,001487
2019-01-21,1.116,001487
2019-01-22,1.107,001487
2019-01-23,1.106,001487
2019-01-24,1.112,001487
2019-01-25,1.121,001487
2019-01-28,1.126,001487
2019-01-29,1.145,001487
2019-01-30,1.137,001487
2019-01-31,1.154,001487
2019-02-01,1.159,001487
2019-02-11,1.191,001487
2019-02-12,1.191,001487
2019-02-13,1.203,001487
2019-02-14,1.204,001487
2019-02-15,1.194,001487
2019-02-18,1.219,001487
2019-02-19,1.213,001487
2019-02-20,1.225,001487
2019-02-21,1.223,001487
2019-02-22,1.231,001487
2019-02-25,1.266,001487
2019-02-26,1.259,001487
2019-02-27,1.261,001487
2019-02-28,1.264,001487
2019-03-01,1.283,001487
2019-03-04,1.317,001487
2019-03-05,1.332,001487
2019-03-06,1.324,001487
2019-03-07,1.295,001487
2019-03-08,1.278,001487
2019-03-11,1.295,001487
2019-03-12,1.31,001487
2019-03-13,1.293,001487
2019-03-14,1.284,001487
2019-03-15,1.317,001487
2019-03-18,1.366,001487
2019-03-19,1.357,001487
2019-03-20,1.35,001487
2019-03-21,1.351,001487
2019-03-22,1.346,001487
2019-03-25,1.324,001487
2019-03-26,1.326,001487
2019-03-27,1.343,001487
2019-03-28,1.349,001487
2019-03-29,1.402,001487
2019-04-01,1.455,001487
2019-04-02,1.439,001487
2019-04-03,1.442,001487
2019-04-04,1.459,001487
2019-04-08,1.449,001487
2019-04-09,1.469,001487
2019-04-10,1.474,001487
2019-04-11,1.442,001487
2019-04-12,1.432,001487
2019-04-15,1.423,001487
2019-04-16,1.436,001487
2019-04-17,1.441,001487
2019-04-18,1.428,001487
2019-04-19,1.444,001487
2019-04-22,1.414,001487
2019-04-23,1.419,001487
2019-04-24,1.427,001487
2019-04-25,1.421,001487
2019-04-26,1.397,001487
2019-04-29,1.4,001487
2019-04-30,1.417,001487
2019-05-06,1.347,001487
2019-05-07,1.368,001487
2019-05-08,1.333,001487
2019-05-09,1.326,001487
2019-05-10,1.371,001487
2019-05-13,1.365,001487
2019-05-14,1.356,001487
2019-05-15,1.384,001487
2019-05-16,1.394,001487
2019-05-17,1.365,001487
2019-05-20,1.337,001487
2019-05-21,1.365,001487
2019-05-22,1.369,001487
2019-05-23,1.349,001487
2019-05-24,1.338,001487
2019-05-27,1.365,001487
2019-05-28,1.398,001487
2019-05-29,1.383,001487
2019-05-30,1.395,001487
2019-05-31,1.412,001487
2019-06-03,1.412,001487
2019-06-04,1.403,001487
2019-06-05,1.41,001487
2019-06-06,1.382,001487
2019-06-10,1.399,001487
2019-06-11,1.436,001487
2019-06-12,1.419,001487
2019-06-13,1.417,001487
2019-06-14,1.413,001487
2019-06-17,1.401,001487
2019-06-18,1.418,001487
2019-06-19,1.415,001487
2019-06-20,1.436,001487
2019-06-21,1.42,001487
2019-06-24,1.427,001487
2019-06-25,1.417,001487
2019-06-26,1.417,001487
2019-06-27,1.43,001487
2019-06-28,1.429,001487
2019-06-30,1.429,001487
2019-07-01,1.463,001487
2019-07-02,1.479,001487
2019-07-03,1.466,001487
2019-07-04,1.432,001487
2019-07-05,1.445,001487
2019-07-08,1.437,001487
2019-07-09,1.435,001487
2019-07-10,1.436,001487
2019-07-11,1.439,001487
2019-07-12,1.442,001487
2019-07-15,1.456,001487
2019-07-16,1.449,001487
2019-07-17,1.457,001487
2019-07-18,1.445,001487
2019-07-19,1.476,001487
2019-07-22,1.465,001487
2019-07-23,1.456,001487
2019-07-24,1.459,001487
2019-07-25,1.469,001487
2019-07-26,1.468,001487
2019-07-29,1.484,001487
2019-07-30,1.496,001487
2019-07-31,1.476,001487
2019-08-01,1.467,001487
2019-08-02,1.462,001487
2019-08-05,1.446,001487
2019-08-06,1.435,001487
2019-08-07,1.437,001487
2019-08-08,1.441,001487
2019-08-09,1.413,001487
2019-08-12,1.434,001487
2019-08-13,1.418,001487
2019-08-14,1.416,001487
2019-08-15,1.417,001487
2019-08-16,1.43,001487
2019-08-19,1.438,001487
2019-08-20,1.433,001487
2019-08-21,1.431,001487
2019-08-22,1.438,001487
2019-08-23,1.442,001487
2019-08-26,1.428,001487
2019-08-27,1.455,001487
2019-08-28,1.466,001487
2019-08-29,1.455,001487
2019-08-30,1.459,001487
2019-09-02,1.463,001487
2019-09-03,1.46,001487
2019-09-04,1.472,001487
2019-09-05,1.48,001487
2019-09-06,1.458,001487
2019-09-09,1.458,001487
2019-09-10,1.457,001487
2019-09-11,1.435,001487
2019-09-12,1.457,001487
2019-09-16,1.455,001487
2019-09-17,1.445,001487
2019-09-18,1.461,001487
2019-09-19,1.466,001487
2019-09-20,1.467,001487
2019-09-23,1.446,001487
2019-09-24,1.441,001487
2019-09-25,1.441,001487
2019-09-26,1.41,001487
2019-09-27,1.421,001487
2019-09-30,1.43,001487
2019-10-08,1.468,001487
2019-10-09,1.477,001487
2019-10-10,1.503,001487
2019-10-11,1.505,001487
2019-10-14,1.51,001487
2019-10-15,1.507,001487
2019-10-16,1.504,001487
2019-10-17,1.502,001487
2019-10-18,1.491,001487
2019-10-21,1.508,001487
2019-10-22,1.513,001487
2019-10-23,1.501,001487
2019-10-24,1.5,001487
2019-10-25,1.534,001487
2019-10-28,1.544,001487
2019-10-29,1.54,001487
2019-10-30,1.537,001487
2019-10-31,1.525,001487
2019-11-01,1.531,001487
2019-11-04,1.54,001487
2019-11-05,1.565,001487
2019-11-06,1.549,001487
2019-11-07,1.556,001487
2019-11-08,1.545,001487
2019-11-11,1.527,001487
2019-11-12,1.533,001487
2019-11-13,1.533,001487
2019-11-14,1.537,001487
2019-11-15,1.517,001487
2019-11-18,1.551,001487
2019-11-19,1.574,001487
2019-11-20,1.567,001487
2019-11-21,1.561,001487
2019-11-22,1.54,001487
2019-11-25,1.544,001487
2019-11-26,1.559,001487
2019-11-27,1.544,001487
2019-11-28,1.537,001487
2019-11-29,1.512,001487
2019-12-02,1.528,001487
2019-12-03,1.53,001487
2019-12-04,1.522,001487
2019-12-05,1.518,001487
2019-12-06,1.544,001487
2019-12-09,1.54,001487
2019-12-10,1.528,001487
2019-12-11,1.522,001487
2019-12-12,1.507,001487
2019-12-13,1.527,001487
2019-12-16,1.518,001487
2019-12-17,1.536,001487
2019-12-18,1.522,001487
2019-12-19,1.522,001487
2019-12-20,1.528,001487
2019-12-23,1.514,001487
2019-12-24,1.515,001487
2019-12-25,1.507,001487
2019-12-26,1.526,001487
2019-12-27,1.548,001487
2019-12-30,1.583,001487
2019-12-31,1.598,001487
2020-01-02,1.603,001487
2020-01-03,1.58,001487
2020-01-06,1.581,001487
2020-01-07,1.603,001487
2020-01-08,1.593,001487
2020-01-09,1.609,001487
2020-01-10,1.612,001487
2020-01-13,1.617,001487
2020-01-14,1.595,001487
2020-01-15,1.603,001487
2020-01-16,1.603,001487
2020-01-17,1.611,001487
2020-01-20,1.612,001487
2020-01-21,1.577,001487
2020-01-22,1.582,001487
2020-01-23,1.534,001487
2020-02-03,1.43,001487
2020-02-04,1.459,001487
2020-02-05,1.464,001487
2020-02-06,1.49,001487
2020-02-07,1.494,001487
2020-02-10,1.533,001487
2020-02-11,1.547,001487
2020-02-12,1.541,001487
2020-02-13,1.538,001487
2020-02-14,1.56,001487
2020-02-17,1.569,001487
2020-02-18,1.563,001487
2020-02-19,1.579,001487
2020-02-20,1.608,001487
2020-02-21,1.599,001487
2020-02-24,1.582,001487
2020-02-25,1.597,001487
2020-02-26,1.599,001487
2020-02-27,1.62,001487
2020-02-28,1.573,001487
2020-03-02,1.629,001487
2020-03-03,1.633,001487
2020-03-04,1.662,001487
2020-03-05,1.718,001487
2020-03-06,1.694,001487
2020-03-09,1.661,001487
2020-03-10,1.679,001487
2020-03-11,1.675,001487
2020-03-12,1.636,001487
2020-03-13,1.621,001487
2020-03-16,1.571,001487
2020-03-17,1.553,001487
2020-03-18,1.539,001487
2020-03-19,1.504,001487
2020-03-20,1.521,001487
2020-03-23,1.472,001487
2020-03-24,1.519,001487
2020-03-25,1.561,001487
2020-03-26,1.568,001487
2020-03-27,1.577,001487
2020-03-30,1.578,001487
2020-03-31,1.613,001487
2020-04-01,1.605,001487
2020-04-02,1.612,001487
2020-04-03,1.614,001487
2020-04-07,1.652,001487
2020-04-08,1.634,001487
2020-04-09,1.639,001487
2020-04-10,1.637,001487
2020-04-13,1.63,001487
2020-04-14,1.66,001487
2020-04-15,1.649,001487
2020-04-16,1.639,001487
2020-04-17,1.653,001487
2020-04-20,1.654,001487
2020-04-21,1.635,001487
2020-04-22,1.666,001487
2020-04-23,1.668,001487
2020-04-24,1.675,001487
2020-04-27,1.679,001487
2020-04-28,1.706,001487
2020-04-29,1.681,001487
2020-04-30,1.674,001487
2020-05-06,1.669,001487
2020-05-07,1.677,001487
2020-05-08,1.703,001487
2020-05-11,1.689,001487
2020-05-12,1.692,001487
2020-05-13,1.712,001487
2020-05-14,1.701,001487
2020-05-15,1.69,001487
2020-05-18,1.726,001487
2020-05-19,1.723,001487
2020-05-20,1.7,001487
2020-05-21,1.707,001487
2020-05-22,1.682,001487
2020-05-25,1.712,001487
2020-05-26,1.717,001487
2020-05-27,1.705,001487
2020-05-28,1.715,001487
2020-05-29,1.74,001487
2020-06-01,1.756,001487
2020-06-02,1.745,001487
2020-06-03,1.726,001487
2020-06-04,1.751,001487
2020-06-05,1.747,001487
2020-06-08,1.74,001487
2020-06-09,1.75,001487
2020-06-10,1.75,001487
2020-06-11,1.728,001487
2020-06-12,1.721,001487
2020-06-15,1.73,001487
2020-06-16,1.752,001487
2020-06-17,1.762,001487
2020-06-18,1.771,001487
2020-06-19,1.807,001487
2020-06-22,1.803,001487
2020-06-23,1.831,001487
2020-06-24,1.826,001487
2020-06-29,1.847,001487
2020-06-30,1.887,001487
2020-07-01,1.951,001487
2020-07-02,1.944,001487
2020-07-03,1.917,001487
2020-07-06,1.952,001487
2020-07-07,1.982,001487
2020-07-08,1.991,001487
2020-07-09,2.031,001487
2020-07-10,2.055,001487
2020-07-13,2.155,001487
2020-07-14,2.192,001487
2020-07-15,2.192,001487
2020-07-16,2.035,001487
2020-07-17,2.064,001487
2020-07-20,2.064,001487
2020-07-21,2.09,001487
2020-07-22,2.098,001487
2020-07-23,2.084,001487
2020-07-24,2.017,001487
2020-07-27,2.009,001487
2020-07-28,2.063,001487
2020-07-29,2.092,001487
2020-07-30,2.1,001487
2020-07-31,2.106,001487
2020-08-03,2.136,001487
2020-08-04,2.124,001487
2020-08-05,2.15,001487
2020-08-06,2.119,001487
2020-08-07,2.085,001487
2020-08-10,2.104,001487
2020-08-11,2.117,001487
2020-08-12,2.089,001487
2020-08-13,2.109,001487
2020-08-14,2.151,001487
2020-08-17,2.162,001487
2020-08-18,2.201,001487
2020-08-19,2.183,001487
2020-08-20,2.153,001487
2020-08-21,2.184,001487
2020-08-24,2.24,001487
2020-08-25,2.253,001487
2020-08-26,2.222,001487
2020-08-27,2.245,001487
2020-08-28,2.305,001487
2020-08-31,2.282,001487
2020-09-01,2.283,001487
2020-09-02,2.282,001487
2020-09-03,2.243,001487
2020-09-04,2.197,001487
2020-09-07,2.112,001487
2020-09-08,2.086,001487
2020-09-09,2.028,001487
2020-09-10,2.037,001487
2020-09-11,2.064,001487
2020-09-14,2.063,001487
2020-09-15,2.069,001487
2020-09-16,2.043,001487
2020-09-17,2.01,001487
2020-09-18,2.033,001487
2020-09-21,2.003,001487
2020-09-22,1.983,001487
2020-09-23,1.998,001487
2020-09-24,1.962,001487
2020-09-25,1.966,001487
2020-09-28,1.953,001487
2020-09-29,1.963,001487
2020-09-30,1.971,001487
2020-10-09,1.985,001487
2020-10-12,2.043,001487
2020-10-13,2.076,001487
2020-10-14,2.038,001487
2020-10-15,2.039,001487
2020-10-16,2.017,001487
2020-10-19,1.99,001487
2020-10-20,2.021,001487
2020-10-21,2.008,001487
2020-10-22,1.987,001487
2020-10-23,1.936,001487
2020-10-26,1.931,001487
2020-10-27,1.951,001487
2020-10-28,1.982,001487
2020-10-29,2.001,001487
2020-10-30,1.94,001487
2020-11-02,1.937,001487
2020-11-03,1.948,001487
2020-11-04,1.951,001487
2020-11-05,1.977,001487
2020-11-06,1.956,001487
2020-11-09,1.985,001487
2020-11-10,1.977,001487
2020-11-11,1.971,001487
2020-11-12,1.976,001487
2020-11-13,1.949,001487
2020-11-16,1.972,001487
2020-11-17,1.942,001487
2020-11-18,1.927,001487
2020-11-19,1.956,001487
2020-11-20,1.954,001487
2020-11-23,1.951,001487
2020-11-24,1.951,001487
2020-11-25,1.92,001487
2020-11-26,1.938,001487
2020-11-27,1.965,001487
2020-11-30,1.947,001487
2020-12-01,1.963,001487
2020-12-02,1.968,001487
2020-12-03,1.986,001487
2020-12-04,2.027,001487
2020-12-07,2.043,001487
2020-12-08,2.046,001487
2020-12-09,2.015,001487
2020-12-10,2.001,001487
2020-12-11,1.978,001487
2020-12-14,2.034,001487
2020-12-15,2.028,001487
2020-12-16,2.045,001487
2020-12-17,2.062,001487
2020-12-18,2.026,001487
2020-12-21,2.04,001487
2020-12-22,2.025,001487
2020-12-23,2.023,001487
2020-12-24,2.012,001487
2020-12-25,2.013,001487
2020-12-28,2.056,001487
2020-12-29,2.041,001487
2020-12-30,2.073,001487
2020-12-31,2.088,001487
2021-01-04,2.162,001487
2021-01-05,2.262,001487
2021-01-06,2.278,001487
2021-01-07,2.304,001487
2021-01-08,2.286,001487
2021-01-11,2.292,001487
2021-01-12,2.342,001487
2021-01-13,2.367,001487
2021-01-14,2.32,001487
2021-01-15,2.305,001487
2021-01-18,2.389,001487
2021-01-19,2.354,001487
2021-01-20,2.369,001487
2021-01-21,2.392,001487
2021-01-22,2.41,001487
2021-01-25,2.411,001487
2021-01-26,2.359,001487
2021-01-27,2.382,001487
2021-01-28,2.314,001487
2021-01-29,2.312,001487
2021-02-01,2.383,001487
2021-02-02,2.416,001487
2021-02-03,2.416,001487
2021-02-04,2.413,001487
2021-02-05,2.354,001487
2021-02-08,2.418,001487
2021-02-09,2.496,001487
2021-02-10,2.505,001487
2021-02-18,2.587,001487
2021-02-19,2.566,001487
2021-02-22,2.601,001487
2021-02-23,2.549,001487
2021-02-24,2.48,001487
2021-02-25,2.458,001487
2021-02-26,2.441,001487
2021-03-01,2.528,001487
2021-03-02,2.505,001487
2021-03-03,2.537,001487
2021-03-04,2.476,001487
2021-03-05,2.473,001487
2021-03-08,2.458,001487
2021-03-09,2.384,001487
2021-03-10,2.376,001487
2021-03-11,2.435,001487
2021-03-12,2.43,001487
2021-03-15,2.417,001487
2021-03-16,2.432,001487
2021-03-17,2.44,001487
2021-03-18,2.475,001487
2021-03-19,2.46,001487
2021-03-22,2.535,001487
2021-03-23,2.516,001487
2021-03-24,2.463,001487
2021-03-25,2.455,001487
2021-03-26,2.495,001487
2021-03-29,2.516,001487
2021-03-30,2.494,001487
2021-03-31,2.489,001487
2021-04-01,2.501,001487
2021-04-02,2.51,001487
2021-04-06,2.521,001487
2021-04-07,2.501,001487
2021-04-08,2.519,001487
2021-04-09,2.514,001487
2021-04-12,2.458,001487
2021-04-13,2.45,001487
2021-04-14,2.497,001487
2021-04-15,2.504,001487
2021-04-16,2.528,001487
2021-04-19,2.547,001487
2021-04-20,2.558,001487
2021-04-21,2.556,001487
2021-04-22,2.592,001487
2021-04-23,2.599,001487
2021-04-26,2.628,001487
2021-04-27,2.634,001487
2021-04-28,2.679,001487
2021-04-29,2.671,001487
2021-04-30,2.691,001487
2021-05-06,2.71,001487
2021-05-07,2.669,001487
2021-05-10,2.679,001487
2021-05-11,2.668,001487
2021-05-12,2.693,001487
2021-05-13,2.644,001487
2021-05-14,2.677,001487
2021-05-17,2.699,001487
2021-05-18,2.701,001487
2021-05-19,2.695,001487
2021-05-20,2.708,001487
2021-05-21,2.723,001487
2021-05-24,2.728,001487
2021-05-25,2.756,001487
2021-05-26,2.772,001487
2021-05-27,2.794,001487
2021-05-28,2.787,001487
2021-05-31,2.885,001487
2021-06-01,2.896,001487
2021-06-02,2.901,001487
2021-06-03,2.877,001487
2021-06-04,2.889,001487
2021-06-07,2.943,001487
2021-06-08,2.92,001487
2021-06-09,2.921,001487
2021-06-10,2.941,001487
2021-06-11,2.921,001487
2021-06-15,2.925,001487
2021-06-16,2.865,001487
2021-06-17,2.919,001487
2021-06-18,2.927,001487
2021-06-21,2.943,001487
2021-06-22,2.975,001487
2021-06-23,3.038,001487
2021-06-24,3.021,001487
2021-06-25,3.034,001487
2021-06-28,3.09,001487
2021-06-29,3.074,001487
2021-06-30,3.099,001487
2021-07-01,3.058,001487
2021-07-02,3.0377,001487
2021-07-05,3.0831,001487
2021-07-06,3.1179,001487
2021-07-07,3.1944,001487
2021-07-08,3.1972,001487
2021-07-09,3.2168,001487
2021-07-12,3.3319,001487
2021-07-13,3.354,001487
2021-07-14,3.3251,001487
2021-07-15,3.3181,001487
2021-07-16,3.3249,001487
2021-07-19,3.321,001487
2021-07-20,3.3551,001487
2021-07-21,3.4806,001487
2021-07-22,3.5409,001487
2021-07-23,3.5039,001487
2021-07-26,3.5016,001487
2021-07-27,3.4146,001487
2021-07-28,3.3612,001487
2021-07-29,3.515,001487
2021-07-30,3.5534,001487
2021-08-02,3.5983,001487
2021-08-03,3.5269,001487
2021-08-04,3.6307,001487
2021-08-05,3.6357,001487
2021-08-06,3.6269,001487
2021-08-09,3.6179,001487
2021-08-10,3.6518,001487
2021-08-11,3.6682,001487
2021-08-12,3.7058,001487
2021-08-13,3.705,001487
2021-08-16,3.6654,001487
2021-08-17,3.5692,001487
2021-08-18,3.6007,001487
2021-08-19,3.6382,001487
2021-08-20,3.635,001487
2021-08-23,3.746,001487
2021-08-24,3.796,001487
2021-08-25,3.816,001487
2021-08-26,3.7825,001487
2021-08-27,3.8096,001487
2021-08-30,3.8121,001487
2021-08-31,3.7744,001487
2021-09-01,3.6946,001487
2021-09-02,3.7872,001487
2021-09-03,3.748,001487
2021-09-06,3.7759,001487
2021-09-07,3.8138,001487
2021-09-08,3.7905,001487
2021-09-09,3.7681,001487
2021-09-10,3.7881,001487
2021-09-13,3.7854,001487
2021-09-14,3.7772,001487
2021-09-15,3.825,001487
2021-09-16,3.7358,001487
2021-09-17,3.7317,001487
2021-09-22,3.7622,001487
2021-09-23,3.711,001487
2021-09-24,3.6595,001487
2021-09-27,3.5847,001487
2021-09-28,3.6056,001487
2021-09-29,3.4846,001487
2021-09-30,3.5785,001487
2021-10-08,3.5511,001487
2021-10-11,3.4817,001487
2021-10-12,3.3989,001487
2021-10-13,3.4663,001487
2021-10-14,3.5168,001487
2021-10-15,3.4928,001487
2021-10-18,3.5205,001487
2021-10-19,3.5504,001487
2021-10-20,3.5303,001487
2021-10-21,3.5323,001487
2021-10-22,3.5205,001487
2021-10-25,3.5505,001487
2021-10-26,3.5701,001487
2021-10-27,3.5564,001487
2021-10-28,3.5004,001487
2021-10-29,3.5403,001487
2021-11-01,3.59,001487
2021-11-02,3.5968,001487
2021-11-03,3.6192,001487
2021-11-04,3.7113,001487
2021-11-05,3.6776,001487
2021-11-08,3.684,001487
2021-11-09,3.7405,001487
2021-11-10,3.7248,001487
2021-11-11,3.7705,001487
2021-11-12,3.8362,001487
2021-11-15,3.8278,001487
2021-11-16,3.801,001487
2021-11-17,3.8646,001487
2021-11-18,3.8366,001487
2021-11-19,3.8662,001487
2021-11-22,3.9215,001487
2021-11-23,3.8952,001487
2021-11-24,3.89,001487
2021-11-25,3.9047,001487
2021-11-26,3.9253,001487
2021-11-29,3.9615,001487
2021-11-30,3.9971,001487
2021-12-01,4.0201,001487
2021-12-02,3.983,001487
2021-12-03,4.008,001487
2021-12-06,3.9587,001487
2021-12-07,3.8887,001487
2021-12-08,3.9433,001487
2021-12-09,3.9433,001487
2021-12-10,3.945,001487
2021-12-13,3.9655,001487
2021-12-14,3.9669,001487
2021-12-15,3.9465,001487
2021-12-16,3.9597,001487
2021-12-17,3.9101,001487
2021-12-20,3.851,001487
2021-12-21,3.8995,001487
2021-12-22,3.9486,001487
2021-12-23,3.9544,001487
2021-12-24,3.8982,001487
2021-12-27,3.9184,001487
2021-12-28,3.9458,001487
2021-12-29,3.9697,001487
2021-12-30,4.0151,001487
2021-12-31,4.036,001487
2022-01-04,3.9766,001487
2022-01-05,3.914,001487
2022-01-06,3.9417,001487
2022-01-07,3.8908,001487
2022-01-10,3.8839,001487
2022-01-11,3.8422,001487
2022-01-12,3.8842,001487
2022-01-13,3.8157,001487
2022-01-14,3.8475,001487
2022-01-17,3.921,001487
2022-01-18,3.8811,001487
2022-01-19,3.8742,001487
2022-01-20,3.8009,001487
2022-01-21,3.7245,001487
2022-01-24,3.726,001487
2022-01-25,3.6039,001487
2022-01-26,3.6269,001487
2022-01-27,3.5222,001487
2022-01-28,3.5356,001487
2022-02-07,3.5505,001487
2022-02-08,3.5339,001487
2022-02-09,3.5809,001487
2022-02-10,3.5548,001487
2022-02-11,3.5048,001487
2022-02-14,3.4492,001487
2022-02-15,3.4651,001487
2022-02-16,3.5011,001487
2022-02-17,3.4872,001487
2022-02-18,3.5022,001487
2022-02-21,3.4988,001487
2022-02-22,3.4302,001487
2022-02-23,3.4907,001487
2022-02-24,3.4112,001487
2022-02-25,3.4518,001487
2022-02-28,3.4381,001487
2022-03-01,3.4445,001487
2022-03-02,3.4211,001487
2022-03-03,3.3747,001487
2022-03-04,3.3291,001487
2022-03-07,3.2519,001487
2022-03-08,3.1648,001487
2022-03-09,3.1361,001487
2022-03-10,3.1747,001487
2022-03-11,3.1662,001487
2022-03-14,3.0796,001487
2022-03-15,2.9477,001487
2022-03-16,3.0189,001487
2022-03-17,3.0935,001487
2022-03-18,3.0975,001487
2022-03-21,3.1239,001487
2022-03-22,3.1237,001487
2022-03-23,3.1472,001487
2022-03-24,3.0996,001487
2022-03-25,3.0617,001487
2022-03-28,3.0325,001487
2022-03-29,2.9986,001487
2022-03-30,3.0851,001487
2022-03-31,3.071,001487
2022-04-01,3.0622,001487
2022-04-06,3.0371,001487
2022-04-07,2.9891,001487
2022-04-08,2.982,001487
2022-04-11,2.8659,001487
2022-04-12,2.8781,001487
2022-04-13,2.8243,001487
2022-04-14,2.8373,001487
2022-04-15,2.8061,001487
2022-04-18,2.8087,001487
2022-04-19,2.7964,001487
2022-04-20,2.7549,001487
2022-04-21,2.6688,001487
2022-04-22,2.6634,001487
2022-04-25,2.5284,001487
2022-04-26,2.4853,001487
2022-04-27,2.5637,001487
2022-04-28,2.5617,001487
2022-04-29,2.6564,001487
2022-05-05,2.6949,001487
2022-05-06,2.6621,001487
2022-05-09,2.6658,001487
2022-05-10,2.7093,001487
2022-05-11,2.7199,001487
2022-05-12,2.7295,001487
2022-05-13,2.7613,001487
2022-05-16,2.7808,001487
2022-05-17,2.8038,001487
2022-05-18,2.8082,001487
2022-05-19,2.8282,001487
2022-05-20,2.8641,001487
2022-05-23,2.8655,001487
2022-05-24,2.7925,001487
2022-05-25,2.8313,001487
2022-05-26,2.8446,001487
2022-05-27,2.8417,001487
2022-05-30,2.8676,001487
2022-05-31,2.9118,001487
2022-06-01,2.9308,001487
2022-06-02,2.992,001487
2022-06-06,3.0393,001487
2022-06-07,3.0029,001487
2022-06-08,2.9841,001487
2022-06-09,2.924,001487
2022-06-10,2.993,001487
2022-06-13,3.0098,001487
2022-06-14,2.9975,001487
2022-06-15,2.977,001487
2022-06-16,3.0017,001487
2022-06-17,3.042,001487
2022-06-20,3.0729,001487
2022-06-21,3.039,001487
2022-06-22,3.0068,001487
2022-06-23,3.0968,001487
2022-06-24,3.1625,001487
2022-06-27,3.192,001487
2022-06-28,3.2084,001487
2022-06-29,3.1026,001487
2022-06-30,3.1243,001487
2022-07-01,3.1241,001487
2022-07-04,3.1551,001487
2022-07-05,3.109,001487
2022-07-06,3.0944,001487
2022-07-07,3.1183,001487
2022-07-08,3.0893,001487
2022-07-11,3.0453,001487
2022-07-12,2.9784,001487
2022-07-13,3.0113,001487
2022-07-14,3.067,001487
2022-07-15,3.0517,001487
2022-07-18,3.0828,001487
2022-07-19,3.1052,001487
2022-07-20,3.167,001487
2022-07-21,3.1579,001487
2022-07-22,3.1499,001487
2022-07-25,3.1341,001487
2022-07-26,3.1739,001487
2022-07-27,3.2394,001487
2022-07-28,3.2577,001487
2022-07-29,3.2615,001487
2022-08-01,3.2834,001487
2022-08-02,3.2184,001487
2022-08-03,3.1907,001487
2022-08-04,3.2364,001487
2022-08-05,3.262,001487
2022-08-08,3.3549,001487
2022-08-09,3.3554,001487
2022-08-10,3.3911,001487
2022-08-11,3.4201,001487
2022-08-12,3.3745,001487
2022-08-15,3.4211,001487
2022-08-16,3.45,001487
2022-08-17,3.4496,001487
2022-08-18,3.4901,001487
2022-08-19,3.4198,001487
2022-08-22,3.407,001487
2022-08-23,3.4237,001487
2022-08-24,3.2989,001487
2022-08-25,3.2404,001487
2022-08-26,3.2275,001487
2022-08-29,3.2626,001487
2022-08-30,3.2302,001487
2022-08-31,3.1226,001487
2022-09-01,3.1151,001487
2022-09-02,3.1495,001487
2022-09-05,3.1223,001487
2022-09-06,3.1732,001487
2022-09-07,3.2123,001487
2022-09-08,3.1688,001487
2022-09-09,3.1668,001487
2022-09-13,3.1682,001487
2022-09-14,3.149,001487
2022-09-15,3.0544,001487
2022-09-16,3.0214,001487
2022-09-19,3.0067,001487
2022-09-20,3.0409,001487
2022-09-21,3.0165,001487
2022-09-22,3.0147,001487
2022-09-23,2.957,001487
2022-09-26,2.9451,001487
2022-09-27,3.0002,001487
2022-09-28,2.8999,001487
2022-09-29,2.9079,001487
2022-09-30,2.8414,001487
2022-10-10,2.7794,001487
2022-10-11,2.7862,001487
2022-10-12,2.8832,001487
2022-10-13,2.9198,001487
2022-10-14,2.9884,001487
2022-10-17,3.0512,001487
2022-10-18,3.0827,001487
2022-10-19,3.0469,001487
2022-10-20,3.0355,001487
2022-10-21,3.0751,001487
2022-10-24,3.0665,001487
2022-10-25,3.0612,001487
2022-10-26,3.1291,001487
2022-10-27,3.0858,001487
2022-10-28,3.0074,001487
2022-10-31,3.0278,001487
2022-11-01,3.0935,001487
2022-11-02,3.119,001487
2022-11-03,3.1599,001487
2022-11-04,3.2051,001487
2022-11-07,3.1879,001487
2022-11-08,3.1723,001487
2022-11-09,3.1809,001487
2022-11-10,3.137,001487
2022-11-11,3.1388,001487
2022-11-14,3.1524,001487
2022-11-15,3.2282,001487
2022-11-16,3.2024,001487
2022-11-17,3.2232,001487
2022-11-18,3.1956,001487
2022-11-21,3.2207,001487
2022-11-22,3.164,001487
2022-11-23,3.1408,001487
2022-11-24,3.1561,001487
2022-11-25,3.0995,001487
2022-11-28,3.0845,001487
2022-11-29,3.109,001487
2022-11-30,3.1025,001487
2022-12-01,3.1597,001487
2022-12-02,3.1584,001487
2022-12-05,3.1737,001487
2022-12-06,3.1557,001487
2022-12-07,3.143,001487
2022-12-08,3.131,001487
2022-12-09,3.146,001487
2022-12-12,3.1602,001487
2022-12-13,3.1153,001487
2022-12-14,3.1072,001487
2022-12-15,3.1191,001487
2022-12-16,3.0761,001487
2022-12-19,3.0271,001487
2022-12-20,3.0202,001487
2022-12-21,3.001,001487
2022-12-22,2.9563,001487
2022-12-23,2.9474,001487
2022-12-26,3.0138,001487
2022-12-27,3.0406,001487
2022-12-28,3.0115,001487
2022-12-29,3.0217,001487
2022-12-30,3.0197,001487
2022-12-31,3.0195,001487
2023-01-03,3.1147,001487
2023-01-04,3.1263,001487
2023-01-05,3.1549,001487
2023-01-06,3.1682,001487
2023-01-09,3.1828,001487
2023-01-10,3.1833,001487
2023-01-11,3.1462,001487
2023-01-12,3.1464,001487
2023-01-13,3.152,001487
2023-01-16,3.183,001487
2023-01-17,3.1947,001487
2023-01-18,3.2019,001487
2023-01-19,3.2416,001487
2023-01-20,3.2489,001487
2023-01-30,3.2724,001487
2023-01-31,3.2571,001487
2023-02-01,3.2902,001487
2023-02-02,3.3011,001487
2023-02-03,3.3078,001487
2023-02-06,3.3057,001487
2023-02-07,3.3087,001487
2023-02-08,3.2827,001487
2023-02-09,3.3335,001487
2023-02-10,3.3083,001487
2023-02-13,3.3686,001487
2023-02-14,3.3536,001487
2023-02-15,3.3466,001487
2023-02-16,3.2766,001487
2023-02-17,3.2433,001487
2023-02-20,3.2885,001487
2023-02-21,3.2939,001487
2023-02-22,3.2975,001487
2023-02-23,3.2963,001487
2023-02-24,3.2942,001487
2023-02-27,3.2527,001487
2023-02-28,3.2851,001487
2023-03-01,3.304,001487
2023-03-02,3.2892,001487
2023-03-03,3.2822,001487
2023-03-06,3.2931,001487
2023-03-07,3.2204,001487
2023-03-08,3.2258,001487
2023-03-09,3.2342,001487
2023-03-10,3.1947,001487
2023-03-13,3.2216,001487
2023-03-14,3.202,001487
2023-03-15,3.2034,001487
2023-03-16,3.1647,001487
2023-03-17,3.1732,001487
2023-03-20,3.1715,001487
2023-03-21,3.1986,001487
2023-03-22,3.2053,001487
2023-03-23,3.224,001487
2023-03-24,3.222,001487
2023-03-27,3.2017,001487
2023-03-28,3.188,001487
2023-03-29,3.1829,001487
2023-03-30,3.1949,001487
2023-03-31,3.1923,001487
2023-04-03,3.2002,001487
2023-04-04,3.1892,001487
2023-04-06,3.1911,001487
2023-04-07,3.208,001487
2023-04-10,3.2097,001487
2023-04-11,3.2109,001487
2023-04-12,3.2134,001487
2023-04-13,3.2022,001487
2023-04-14,3.2163,001487
2023-04-17,3.2481,001487
2023-04-18,3.2485,001487
2023-04-19,3.2396,001487
2023-04-20,3.2262,001487
2023-04-21,3.1856,001487
2023-04-24,3.1464,001487
2023-04-25,3.1487,001487
2023-04-26,3.134,001487
2023-04-27,3.1448,001487
2023-04-28,3.168,001487
2023-05-04,3.1674,001487
2023-05-05,3.1338,001487
2023-05-08,3.1711,001487
2023-05-09,3.149,001487
2023-05-10,3.1297,001487
2023-05-11,3.1342,001487
2023-05-12,3.1116,001487
2023-05-15,3.1317,001487
2023-05-16,3.1189,001487
2023-05-17,3.1121,001487
2023-05-18,3.1184,001487
2023-05-19,3.1173,001487
2023-05-22,3.1392,001487
2023-05-23,3.1091,001487
2023-05-24,3.0821,001487
2023-05-25,3.0746,001487
2023-05-26,3.0747,001487
2023-05-29,3.068,001487
2023-05-30,3.0593,001487
2023-05-31,3.0296,001487
2023-06-01,3.0396,001487
2023-06-02,3.0763,001487
2023-06-05,3.0797,001487
2023-06-06,3.0649,001487
2023-06-07,3.0796,001487
2023-06-08,3.1048,001487
2023-06-09,3.1086,001487
2023-06-12,3.1134,001487
2023-06-13,3.1011,001487
2023-06-14,3.1206,001487
2023-06-15,3.1425,001487
2023-06-16,3.1495,001487
2023-06-19,3.1286,001487
2023-06-20,3.114,001487
2023-06-21,3.1044,001487
2023-06-26,3.0905,001487
2023-06-27,3.1237,001487
2023-06-28,3.1391,001487
2023-06-29,3.1207,001487
2023-06-30,3.1274,001487
2023-07-03,3.1583,001487
2023-07-04,3.1676,001487
2023-07-05,3.1629,001487
2023-07-06,3.1452,001487
2023-07-07,3.1422,001487
2023-07-10,3.1384,001487
2023-07-11,3.1453,001487
2023-07-12,3.1349,001487
2023-07-13,3.172,001487
2023-07-14,3.1675,001487
2023-07-17,3.1492,001487
2023-07-18,3.1592,001487
2023-07-19,3.1816,001487
2023-07-20,3.1684,001487
2023-07-21,3.1685,001487
2023-07-24,3.1541,001487
2023-07-25,3.1944,001487
2023-07-26,3.1915,001487
2023-07-27,3.1852,001487
2023-07-28,3.2191,001487
2023-07-31,3.2358,001487
2023-08-01,3.2347,001487
2023-08-02,3.2143,001487
2023-08-03,3.2081,001487
2023-08-04,3.1965,001487
